<?xml version="1.0" encoding="UTF-8"?>

<!-- 
 * PopulateDatabase.xml
 *
 * Copyright (C) 2017 Universidad de Sevilla
 * 
 * The use of this project is hereby constrained to the conditions of the 
 * TDG Licence, a copy of which you may download from 
 * http://www.tdg-seville.info/License.html
 -->

<beans xmlns="http://www.springframework.org/schema/beans"
	xmlns:xsi="http://www.w3.org/2001/XMLSchema-instance"
	xsi:schemaLocation="
		http://www.springframework.org/schema/beans http://www.springframework.org/schema/beans/spring-beans.xsd">
	
	

	<!-- SPAMTERM -->
	
	<bean id="spamTerm1" class="domain.SpamTerm">
		<property name="keywords">
		<list>
			<value>ugly</value>
			<value>hideous</value>
			<value>scratched</value>
			<value>rotten</value>
			
		</list>
		</property>	
	</bean>
	
	
	<!-- BANNERS --> 
	
	<bean id="banner1" class="domain.Banner">
  		<property name="text" value="http://furnitureworldgalleries.com/wp-content/uploads/2012/12/FurnitureBanner.jpg" /> 
  	</bean>
  	
  	<bean id="banner2" class="domain.Banner">
  		<property name="text" value="http://infinityfabricationcasting.com/wp-content/uploads/2016/03/banner-aa.jpg" /> 
  	</bean>
  	
  	<bean id="banner3" class="domain.Banner">
  		<property name="text" value="http://butlerworldwide.com/wp-content/uploads/2016/04/acc3.jpg" /> 
  	</bean>
	
	
	
	<!-- CRITIC CARDS -->
	
	<bean id="criticCard1" class="domain.CriticCard">
		<property name="expirationMoment" value="01/01/2020 00:00" />
		<property name="school" value="school1" />
		<property name="level" value="novice" />
		<property name="code" value="aaaaa1111" />
		
		<property name="critic" ref="critic1" />	
		
	</bean>
	
	
	<bean id="criticCard2" class="domain.CriticCard">
		<property name="expirationMoment" value="02/02/2020 00:00" />
		<property name="school" value="school2" />
		<property name="level" value="medium" />
		<property name="code" value="aaaaa2222" />
		
		<property name="critic" ref="critic2" />	
		
	</bean>
	
	<bean id="criticCard3" class="domain.CriticCard">
		<property name="expirationMoment" value="03/03/2020 00:00" />
		<property name="school" value="school3" />
		<property name="level" value="expert" />
		<property name="code" value="aaaaa3333" />
		
		<property name="critic" ref="critic3" />	
		
	</bean>
	
	<bean id="criticCard4" class="domain.CriticCard">
		<property name="expirationMoment" value="04/04/2020 00:00" />
		<property name="school" value="school4" />
		<property name="level" value="novice" />
		<property name="code" value="aaaaa4444" />
		
		<property name="critic" ref="critic4" />	
		
	</bean>
	
	<bean id="criticCard5" class="domain.CriticCard">
		<property name="expirationMoment" value="05/05/2021 00:00" />
		<property name="school" value="school5" />
		<property name="level" value="novice" />
		<property name="code" value="aaaaa5555" />
		
		<property name="critic" ref="critic5" />	
		
	</bean>
	
	
	
	
	
	
	<!-- USER ACCOUNTS --> 
	
 	<bean id="userAccount1" class="security.UserAccount">
 		 <property name="username" value="admin" /> 
  		 <property name="password" value="21232f297a57a5a743894a0e4a801fc3" /> 
 		 <property name="authorities">
			 <list>
 				<bean class="security.Authority">
  					<property name="authority" value="ADMIN" /> 
  				</bean>
  			</list>
  		</property>
  	</bean>
  	
  	
  	<bean id="userAccount2" class="security.UserAccount">
 		 <property name="username" value="customer1" /> 
  		 <property name="password" value="ffbc4675f864e0e9aab8bdf7a0437010" /> 
 		 <property name="authorities">
			 <list>
 				<bean class="security.Authority">
  					<property name="authority" value="CUSTOMER" /> 
  				</bean>
  			</list>
  		</property>
  	</bean>
  	
  	
  	<bean id="userAccount3" class="security.UserAccount">
 		 <property name="username" value="customer2" /> 
  		 <property name="password" value="5ce4d191fd14ac85a1469fb8c29b7a7b" /> 
 		 <property name="authorities">
			 <list>
 				<bean class="security.Authority">
  					<property name="authority" value="CUSTOMER" /> 
  				</bean>
  			</list>
  		</property>
  	</bean>
  	
  	<bean id="userAccount4" class="security.UserAccount">
 		 <property name="username" value="customer3" /> 
  		 <property name="password" value="033f7f6121501ae98285ad77f216d5e7" /> 
 		 <property name="authorities">
			 <list>
 				<bean class="security.Authority">
  					<property name="authority" value="CUSTOMER" /> 
  				</bean>
  			</list>
  		</property>
  	</bean>
  	
  	
  	  <bean id="userAccount5" class="security.UserAccount">
 		 <property name="username" value="customer4" /> 
  		 <property name="password" value="55feb130be438e686ad6a80d12dd8f44" /> 
 		 <property name="authorities">
			 <list>
 				<bean class="security.Authority">
  					<property name="authority" value="CUSTOMER" /> 
  				</bean>
  			</list>
  		</property>
  	</bean>
  	
  	 <bean id="userAccount6" class="security.UserAccount">
 		 <property name="username" value="customer5" /> 
  		 <property name="password" value="9e8486cdd435beda9a60806dd334d964" /> 
 		 <property name="authorities">
			 <list>
 				<bean class="security.Authority">
  					<property name="authority" value="CUSTOMER" /> 
  				</bean>
  			</list>
  		</property>
  	</bean>
  	
  	<bean id="userAccount7" class="security.UserAccount">
 		 <property name="username" value="customer6" /> 
  		 <property name="password" value="dbaa8bd25e06cc641f5406027c026e8b" /> 
 		 <property name="authorities">
			 <list>
 				<bean class="security.Authority">
  					<property name="authority" value="CUSTOMER" /> 
  				</bean>
  			</list>
  		</property>
  	</bean>
  	
  	<bean id="userAccount8" class="security.UserAccount">
 		 <property name="username" value="assembler1" /> 
  		 <property name="password" value="89220bd672619790f86e51633ad13c8c" /> 
 		 <property name="authorities">
			 <list>
 				<bean class="security.Authority">
  					<property name="authority" value="ASSEMBLER" /> 
  				</bean>
  			</list>
  		</property>
  	</bean>
  	

  	<bean id="userAccount9" class="security.UserAccount">
 		 <property name="username" value="assembler2" /> 
  		 <property name="password" value="c97a791f5dbf9de71e0a41acfd2d2ee2" /> 
 		 <property name="authorities">
			 <list>
 				<bean class="security.Authority">
  					<property name="authority" value="ASSEMBLER" /> 
  				</bean>
  			</list>
  		</property>
  	</bean>
  	
  	
  	<bean id="userAccount10" class="security.UserAccount">
 		 <property name="username" value="assembler3" /> 
  		 <property name="password" value="ebf59bdfe29b17cf5450d40b7a9cdf92" /> 
 		 <property name="authorities">
			 <list>
 				<bean class="security.Authority">
  					<property name="authority" value="ASSEMBLER" /> 
  				</bean>
  			</list>
  		</property>
  	</bean>
  	
  	
  	<bean id="userAccount11" class="security.UserAccount">
 		 <property name="username" value="assembler4" /> 
  		 <property name="password" value="80bf78cf00559b0246359a779602be4b" /> 
 		 <property name="authorities">
			 <list>
 				<bean class="security.Authority">
  					<property name="authority" value="ASSEMBLER" /> 
  				</bean>
  			</list>
  		</property>
  	</bean>
  	
  	
  	<bean id="userAccount12" class="security.UserAccount">
 		 <property name="username" value="assembler5" /> 
  		 <property name="password" value="6c51b3a075bb5c0851a8588867895726" /> 
 		 <property name="authorities">
			 <list>
 				<bean class="security.Authority">
  					<property name="authority" value="ASSEMBLER" /> 
  				</bean>
  			</list>
  		</property>
  	</bean>
  	
  	
  	<bean id="userAccount13" class="security.UserAccount">
 		 <property name="username" value="assembler6" /> 
  		 <property name="password" value="2219d861e1187e27c76dbe73ef6d02a9" /> 
 		 <property name="authorities">
			 <list>
 				<bean class="security.Authority">
  					<property name="authority" value="ASSEMBLER" /> 
  				</bean>
  			</list>
  		</property>
  	</bean>
  	
  	
  	<bean id="userAccount14" class="security.UserAccount">
 		 <property name="username" value="critic1" /> 
  		 <property name="password" value="165d185050bab438668aef6faeee3be5" /> 
 		 <property name="authorities">
			 <list>
 				<bean class="security.Authority">
  					<property name="authority" value="CRITIC" /> 
  				</bean>
  			</list>
  		</property>
  	</bean>
  	
  	<bean id="userAccount15" class="security.UserAccount">
 		 <property name="username" value="critic2" /> 
  		 <property name="password" value="88fc227c1f12e1f11b8b1584991c88fe" /> 
 		 <property name="authorities">
			 <list>
 				<bean class="security.Authority">
  					<property name="authority" value="CRITIC" /> 
  				</bean>
  			</list>
  		</property>
  	</bean>
  	
  	<bean id="userAccount16" class="security.UserAccount">
 		 <property name="username" value="critic3" /> 
  		 <property name="password" value="8a253092f1d177ba06d104b69a159d93" /> 
 		 <property name="authorities">
			 <list>
 				<bean class="security.Authority">
  					<property name="authority" value="CRITIC" /> 
  				</bean>
  			</list>
  		</property>
  	</bean>
  	
  	<bean id="userAccount17" class="security.UserAccount">
 		 <property name="username" value="critic4" /> 
  		 <property name="password" value="7ca0505ccfc49a367e7e0e9340d6656d" /> 
 		 <property name="authorities">
			 <list>
 				<bean class="security.Authority">
  					<property name="authority" value="CRITIC" /> 
  				</bean>
  			</list>
  		</property>
  	</bean>
  	
  	<bean id="userAccount18" class="security.UserAccount">
 		 <property name="username" value="critic5" /> 
  		 <property name="password" value="18c7b56054e6b8da311caf45bf3efd79" /> 
 		 <property name="authorities">
			 <list>
 				<bean class="security.Authority">
  					<property name="authority" value="CRITIC" /> 
  				</bean>
  			</list>
  		</property>
  	</bean>
  	
  	
  	
  	<bean id="userAccount19" class="security.UserAccount">
 		 <property name="username" value="critic6" /> 
  		 <property name="password" value="e5c68eddb605466c498f1391c20ab175" /> 
 		 <property name="authorities">
			 <list>
 				<bean class="security.Authority">
  					<property name="authority" value="CRITIC" /> 
  				</bean>
  			</list>
  		</property>
  	</bean>
  	
  	
  	
  	
  	
  	
  	
  	
  	
  	<!-- ADMINISTRATORS --> 
  	
 	<bean id="admin" class="domain.Administrator">
  		<property name="name" value="NameAdmin" /> 
  		<property name="surname" value="SurNameAdmin" /> 
  		<property name="email" value="admin@admin.com" /> 
  		<property name="address" value="addressaAdmin" /> 
  		<property name="phone" value="+34 633445566" /> 
  		<property name="userAccount" ref="userAccount1" /> 
  		
  		  		<property name="folders">
			<list>
				<ref bean="folderInboxAdmin" />
				<ref bean="folderOutboxAdmin" />	
				<ref bean="folderTrashboxAdmin" />
				<ref bean="folderSpamboxAdmin" />
			</list>
		</property>
  		<property name="sentMessages">
			<list>
				<ref bean="message1AdminCustomer1" />
				<ref bean="message1AdminCustomer1R" />
			</list>
		</property> 
  		<property name="receivedMessages">
			<list>

			</list>
		</property> 
  	</bean>
  	
  	
  	<!-- CUSTOMERS --> 
  	
 	<bean id="customer1" class="domain.Customer">
  		<property name="name" value="NameCustomer1" /> 
  		<property name="surname" value="SurNameCustomer1" /> 
  		<property name="email" value="customer1@customer1.com" /> 
  		<property name="address" value="addressCustomer1" /> 
  		<property name="phone" value="+34 633445511" /> 
  		<property name="userAccount" ref="userAccount2" /> 
  		
  		<property name="folders">
			<list>
				<ref bean="folderInboxCustomer1" />
				<ref bean="folderOutboxCustomer1" />	
				<ref bean="folderTrashboxCustomer1" />
				<ref bean="folderSpamboxCustomer1" />
			</list>
		</property>
  		<property name="sentMessages">
			<list>
				<ref bean="message2Customer1Customer2" />
				<ref bean="message2Customer1Customer2R" />
				<ref bean="message5Customer1Assembler1" />
				<ref bean="message5Customer1Assembler1R" />
				
			</list>
		</property> 
  		<property name="receivedMessages">
			<list>
				<ref bean="message1AdminCustomer1R" />
				<ref bean="message1AdminCustomer1R" />
				<ref bean="message4Assembler1Customer1" />
				<ref bean="message4Assembler1Customer1R" />
			</list>
		</property> 
		
		<property name="budgets">
			<list>
				<ref bean="budget1" />
				<ref bean="budget2" />
				<ref bean="budget3" />
			</list>
		</property>
		
		<property name="ratings">
			<list>
				<ref bean="rating1" />

			</list>
		</property>
   	</bean>
   	
   	
   	
   	<bean id="customer2" class="domain.Customer">
  		<property name="name" value="NameCustomer2" /> 
  		<property name="surname" value="SurNameCustomer2" /> 
  		<property name="email" value="customer2@customer2.com" /> 
  		<property name="address" value="addressCustomer2" /> 
  		<property name="phone" value="+34 633222222" /> 
  		<property name="userAccount" ref="userAccount3" /> 
  		
  		<property name="folders">
			<list>
				<ref bean="folderInboxCustomer2" />
				<ref bean="folderOutboxCustomer2" />	
				<ref bean="folderTrashboxCustomer2" />
				<ref bean="folderSpamboxCustomer2" />
			</list>
		</property>
  		<property name="sentMessages">
			<list>
				<ref bean="message3Customer2Customer3" />
				<ref bean="message3Customer2Customer3R" />
			</list>
		</property> 
  		<property name="receivedMessages">
			<list>
				<ref bean="message2Customer1Customer2" />
				<ref bean="message2Customer1Customer2R" />
			</list>
		</property>
		
		<property name="budgets">
			<list>
				<ref bean="budget4" />
				<ref bean="budget4" />
			</list>
		</property> 
		
		<property name="ratings">
			<list>
				<ref bean="rating2" />

			</list>
		</property>
   	</bean>
   	
   	
   	<bean id="customer3" class="domain.Customer">
  		<property name="name" value="NameCustomer3" /> 
  		<property name="surname" value="SurNameCustomer3" /> 
  		<property name="email" value="customer3@customer3.com" /> 
  		<property name="address" value="addressCustomer3" /> 
  		<property name="phone" value="+34 633333333" /> 
  		<property name="userAccount" ref="userAccount4" /> 
  		
  		<property name="folders">
			<list>
				<ref bean="folderInboxCustomer3" />
				<ref bean="folderOutboxCustomer3" />	
				<ref bean="folderTrashboxCustomer3" />
				<ref bean="folderSpamboxCustomer3" />
			</list>
		</property>
  		<property name="sentMessages">
			<list>

			</list>
		</property> 
  		<property name="receivedMessages">
			<list>
				<ref bean="message3Customer2Customer3" />
				<ref bean="message3Customer2Customer3R" />
			</list>
		</property> 
		
		<property name="budgets">
			<list>
				<ref bean="budget6" />
			</list>
		</property> 
		
		<property name="ratings">
			<list>
				<ref bean="rating3" />

			</list>
		</property>
   	</bean>
   	
   	
   	 <bean id="customer4" class="domain.Customer">
  		<property name="name" value="NameCustomer4" /> 
  		<property name="surname" value="SurNameCustomer4" /> 
  		<property name="email" value="customer4@customer4.com" /> 
  		<property name="address" value="addressCustomer4" /> 
  		<property name="phone" value="+34 633444444" /> 
  		<property name="userAccount" ref="userAccount5" /> 
  		
  		<property name="folders">
			<list>
				<ref bean="folderInboxCustomer4" />
				<ref bean="folderOutboxCustomer4" />	
				<ref bean="folderTrashboxCustomer4" />
				<ref bean="folderSpamboxCustomer4" />
			</list>
		</property>
  		<property name="sentMessages">
			<list>

			</list>
		</property> 
  		<property name="receivedMessages">
			<list>

			</list>
		</property>
		
		<property name="budgets">
			<list>
			
			</list>
		</property>
		
		<property name="ratings">
			<list>
				<ref bean="rating4" />

			</list>
		</property>  
   	</bean>
   	
   	<bean id="customer5" class="domain.Customer">
  		<property name="name" value="NameCustomer5" /> 
  		<property name="surname" value="SurNameCustomer5" /> 
  		<property name="email" value="customer5@customer5.com" /> 
  		<property name="address" value="addressCustomer5" /> 
  		<property name="phone" value="+34 633555555" /> 
  		<property name="userAccount" ref="userAccount6" /> 
  		
  		<property name="folders">
			<list>
				<ref bean="folderInboxCustomer5" />
				<ref bean="folderOutboxCustomer5" />	
				<ref bean="folderTrashboxCustomer5" />
				<ref bean="folderSpamboxCustomer5" />
			</list>
		</property>
  		<property name="sentMessages">
			<list>

			</list>
		</property> 
  		<property name="receivedMessages">
			<list>

			</list>
		</property> 
		
		<property name="budgets">
			<list>
			
			</list>
		</property> 
		
		<property name="ratings">
			<list>
				<ref bean="rating5" />

			</list>
		</property>
   	</bean>
   	
   	<bean id="customer6" class="domain.Customer">
  		<property name="name" value="NameCustomer6" /> 
  		<property name="surname" value="SurNameCustomer6" /> 
  		<property name="email" value="customer6@customer6.com" /> 
  		<property name="address" value="addressCustomer6" /> 
  		<property name="phone" value="+34 633666666" /> 
  		<property name="userAccount" ref="userAccount7" /> 
  		
  		<property name="folders">
			<list>
				<ref bean="folderInboxCustomer6" />
				<ref bean="folderOutboxCustomer6" />	
				<ref bean="folderTrashboxCustomer6" />
				<ref bean="folderSpamboxCustomer6" />
			</list>
		</property>
  		<property name="sentMessages">
			<list>

			</list>
		</property> 
  		<property name="receivedMessages">
			<list>

			</list>
		</property> 
		
		<property name="budgets">
			<list>
			
			</list>
		</property>
		
		<property name="ratings">
			<list>
				<ref bean="rating6" />

			</list>
		</property>
   	</bean>
   	
   	
   	<!-- ASSEMBLERS --> 
  	
 	<bean id="assembler1" class="domain.Assembler">
  		<property name="name" value="NameAssembler1" /> 
  		<property name="surname" value="SurNameAssembler1" /> 
  		<property name="email" value="assembler1@assembler1.com" /> 
  		<property name="address" value="addressAssembler1" /> 
  		<property name="phone" value="+34 633441111" /> 
  		<property name="userAccount" ref="userAccount8" /> 
  		
  		<property name="folders">
			<list>
				<ref bean="folderInboxAssembler1" />
				<ref bean="folderOutboxAssembler1" />	
				<ref bean="folderTrashboxAssembler1" />
				<ref bean="folderSpamboxAssembler1" />
			</list>
		</property>
  		<property name="sentMessages">
			<list>
				<ref bean="message4Assembler1Customer1" />
				<ref bean="message4Assembler1Customer1R" />
			</list>
		</property> 
  		<property name="receivedMessages">
			<list>
				<ref bean="message5Customer1Assembler1" />
				<ref bean="message5Customer1Assembler1R" />
			</list>
		</property> 
		
		<property name="assemblies">
			<list>
				<ref bean="assembly1" />
				<ref bean="assembly2" />
				<ref bean="assembly3" />
			</list>
		</property>
		<property name="reviews">
			<list>
			</list>
		</property>
		
   	</bean>
   	
   	<bean id="assembler2" class="domain.Assembler">
  		<property name="name" value="NameAssembler2" /> 
  		<property name="surname" value="SurNameAssembler2" /> 
  		<property name="email" value="assembler2@assembler2.com" /> 
  		<property name="address" value="addressAssembler2" /> 
  		<property name="phone" value="+34 633442222" /> 
  		<property name="userAccount" ref="userAccount9" /> 
  		
  		<property name="folders">
			<list>
				<ref bean="folderInboxAssembler2" />
				<ref bean="folderOutboxAssembler2" />	
				<ref bean="folderTrashboxAssembler2" />
				<ref bean="folderSpamboxAssembler2" />
			</list>
		</property>
  		<property name="sentMessages">
			<list>

			</list>
		</property> 
  		<property name="receivedMessages">
			<list>

			</list>
		</property> 
		
		<property name="assemblies">
			<list>
				<ref bean="assembly4" />
				<ref bean="assembly5" />
			</list>
		</property>
		<property name="reviews">
			<list>
			</list>
		</property>
   	</bean>
   	
   	
   	<bean id="assembler3" class="domain.Assembler">
  		<property name="name" value="NameAssembler3" /> 
  		<property name="surname" value="SurNameAssembler3" /> 
  		<property name="email" value="assembler3@assembler3.com" /> 
  		<property name="address" value="addressAssembler3" /> 
  		<property name="phone" value="+34 633443333" /> 
  		<property name="userAccount" ref="userAccount10" /> 
  		
  		<property name="folders">
			<list>
				<ref bean="folderInboxAssembler3" />
				<ref bean="folderOutboxAssembler3" />	
				<ref bean="folderTrashboxAssembler3" />
				<ref bean="folderSpamboxAssembler3" />
			</list>
		</property>
  		<property name="sentMessages">
			<list>

			</list>
		</property> 
  		<property name="receivedMessages">
			<list>

			</list>
		</property> 
		
		<property name="assemblies">
			<list>

			</list>
		</property>
		<property name="reviews">
			<list>
			</list>
		</property>
   	</bean>
   	
   	
   	<bean id="assembler4" class="domain.Assembler">
  		<property name="name" value="NameAssembler4" /> 
  		<property name="surname" value="SurNameAssembler4" /> 
  		<property name="email" value="assembler4@assembler4.com" /> 
  		<property name="address" value="addressAssembler4" /> 
  		<property name="phone" value="+34 633444444" /> 
  		<property name="userAccount" ref="userAccount11" /> 
  		
  		<property name="folders">
			<list>
				<ref bean="folderInboxAssembler4" />
				<ref bean="folderOutboxAssembler4" />	
				<ref bean="folderTrashboxAssembler4" />
				<ref bean="folderSpamboxAssembler4" />
			</list>
		</property>
  		<property name="sentMessages">
			<list>

			</list>
		</property> 
  		<property name="receivedMessages">
			<list>

			</list>
		</property>
		
		<property name="assemblies">
			<list>

			</list>
		</property>
		<property name="reviews">
			<list>
			</list>
		</property>
   	</bean>
   	
   	<bean id="assembler5" class="domain.Assembler">
  		<property name="name" value="NameAssembler5" /> 
  		<property name="surname" value="SurNameAssembler5" /> 
  		<property name="email" value="assembler5@assembler5.com" /> 
  		<property name="address" value="addressAssembler5" /> 
  		<property name="phone" value="+34 633445555" /> 
  		<property name="userAccount" ref="userAccount12" /> 
  		
  		<property name="folders">
			<list>
				<ref bean="folderInboxAssembler5" />
				<ref bean="folderOutboxAssembler5" />	
				<ref bean="folderTrashboxAssembler5" />
				<ref bean="folderSpamboxAssembler5" />
			</list>
		</property>
  		<property name="sentMessages">
			<list>

			</list>
		</property> 
  		<property name="receivedMessages">
			<list>

			</list>
		</property> 
		
		<property name="assemblies">
			<list>
		
	
			</list>
		</property>
		<property name="reviews">
			<list>
			</list>
		</property>
   	</bean>
   	
   	
   	<bean id="assembler6" class="domain.Assembler">
  		<property name="name" value="NameAssembler6" /> 
  		<property name="surname" value="SurNameAssembler6" /> 
  		<property name="email" value="assembler6@assembler6.com" /> 
  		<property name="address" value="addressAssembler6" /> 
  		<property name="phone" value="+34 633446666" /> 
  		<property name="userAccount" ref="userAccount13" /> 
  		
  		<property name="folders">
			<list>
				<ref bean="folderInboxAssembler6" />
				<ref bean="folderOutboxAssembler6" />	
				<ref bean="folderTrashboxAssembler6" />
				<ref bean="folderSpamboxAssembler6" />
			</list>
		</property>
  		<property name="sentMessages">
			<list>

			</list>
		</property> 
  		<property name="receivedMessages">
			<list>

			</list>
		</property> 
				
		<property name="assemblies">
			<list>
		
	
			</list>
		</property>
		<property name="reviews">
			<list>
			</list>
		</property>
   	</bean>
   	
   	
   	
   	
   	<!-- CRITICS -->
   	
   	<bean id="critic1" class="domain.Critic">
  		<property name="name" value="NameCritic1" /> 
  		<property name="surname" value="SurNameCritic1" /> 
  		<property name="email" value="critic1@critic1.com" /> 
  		<property name="address" value="addressCritic1" /> 
  		<property name="phone" value="+34 633441111" /> 
  		<property name="userAccount" ref="userAccount14" /> 
  		
  		<property name="folders">
			<list>
				<ref bean="folderInboxCritic1" />
				<ref bean="folderOutboxCritic1" />	
				<ref bean="folderTrashboxCritic1" />
				<ref bean="folderSpamboxCritic1" />
			</list>
		</property>
  		<property name="sentMessages">
			<list>
				<ref bean="message6Critic1Critic2" />
				<ref bean="message6Critic1Critic2R" />
			</list>
		</property> 
  		<property name="receivedMessages">
			<list>
				<ref bean="message7Critic2Critic1R" />
			</list>
		</property> 
		
		<property name="criticCard" ref="criticCard1" />	
				
		<property name="critiques">
			<list>
				<ref bean="critique1" />
				<ref bean="critique2" />
				<ref bean="critique3" />
		
			</list>
		</property>
		
		<property name="votedCritiques">
			<list>
		
	
			</list>
		</property>
   	</bean>
   	
   	
   	<bean id="critic2" class="domain.Critic">
  		<property name="name" value="NameCritic2" /> 
  		<property name="surname" value="SurNameCritic2" /> 
  		<property name="email" value="critic2@critic2.com" /> 
  		<property name="address" value="addressCritic2" /> 
  		<property name="phone" value="+34 633442222" /> 
  		<property name="userAccount" ref="userAccount15" /> 
  		
  		<property name="folders">
			<list>
				<ref bean="folderInboxCritic2" />
				<ref bean="folderOutboxCritic2" />	
				<ref bean="folderTrashboxCritic2" />
				<ref bean="folderSpamboxCritic2" />
			</list>
		</property>
  		<property name="sentMessages">
			<list>
				<ref bean="message7Critic2Critic1" />
			</list>
		</property> 
  		<property name="receivedMessages">
			<list>
				<ref bean="message6Critic1Critic2" />
				<ref bean="message6Critic1Critic2R" />
			</list>
		</property> 
		
		<property name="criticCard" ref="criticCard2" />	
				
		<property name="critiques">
			<list>
				<ref bean="critique4" />
				<ref bean="critique5" />
			</list>
		</property>
		
		<property name="votedCritiques">
			<list>
		
	
			</list>
		</property>
   	</bean>
   	
   	<bean id="critic3" class="domain.Critic">
  		<property name="name" value="NameCritic3" /> 
  		<property name="surname" value="SurNameCritic3" /> 
  		<property name="email" value="critic3@critic3.com" /> 
  		<property name="address" value="addressCritic3" /> 
  		<property name="phone" value="+34 633443333" /> 
  		<property name="userAccount" ref="userAccount16" /> 
  		
  		<property name="folders">
			<list>
				<ref bean="folderInboxCritic3" />
				<ref bean="folderOutboxCritic3" />	
				<ref bean="folderTrashboxCritic3" />
				<ref bean="folderSpamboxCritic3" />
			</list>
		</property>
  		<property name="sentMessages">
			<list>

			</list>
		</property> 
  		<property name="receivedMessages">
			<list>

			</list>
		</property> 
		
		<property name="criticCard" ref="criticCard3" />	
				
		<property name="critiques">
			<list>
				<ref bean="critique6" />
			</list>
		</property>
		
		<property name="votedCritiques">
			<list>
		
	
			</list>
		</property>
   	</bean>
   	
   	<bean id="critic4" class="domain.Critic">
  		<property name="name" value="NameCritic4" /> 
  		<property name="surname" value="SurNameCritic4" /> 
  		<property name="email" value="critic4@critic4.com" /> 
  		<property name="address" value="addressCritic4" /> 
  		<property name="phone" value="+34 633444444" /> 
  		<property name="userAccount" ref="userAccount17" /> 
  		
  		<property name="folders">
			<list>
				<ref bean="folderInboxCritic4" />
				<ref bean="folderOutboxCritic4" />	
				<ref bean="folderTrashboxCritic4" />
				<ref bean="folderSpamboxCritic4" />
			</list>
		</property>
  		<property name="sentMessages">
			<list>

			</list>
		</property> 
  		<property name="receivedMessages">
			<list>

			</list>
		</property> 
		
		<property name="criticCard" ref="criticCard4" />	
				
		<property name="critiques">
			<list>
				<ref bean="critique7" />
			</list>
		</property>
		
		<property name="votedCritiques">
			<list>
		
	
			</list>
		</property>
   	</bean>
   	
   	
  	<bean id="critic5" class="domain.Critic">
  		<property name="name" value="NameCritic5" /> 
  		<property name="surname" value="SurNameCritic5" /> 
  		<property name="email" value="critic5@critic5.com" /> 
  		<property name="address" value="addressCritic5" /> 
  		<property name="phone" value="+34 633445555" /> 
  		<property name="userAccount" ref="userAccount18" /> 
  		
  		<property name="folders">
			<list>
				<ref bean="folderInboxCritic5" />
				<ref bean="folderOutboxCritic5" />	
				<ref bean="folderTrashboxCritic5" />
				<ref bean="folderSpamboxCritic5" />
			</list>
		</property>
  		<property name="sentMessages">
			<list>

			</list>
		</property> 
  		<property name="receivedMessages">
			<list>

			</list>
		</property> 
		
		<property name="criticCard" ref="criticCard5" />	
				
		<property name="critiques">
			<list>
				<ref bean="critique8" />
			</list>
		</property>
		
		<property name="votedCritiques">
			<list>
		
	
			</list>
		</property>
   	</bean>
   	
   	
   	<bean id="critic6" class="domain.Critic">
  		<property name="name" value="NameCritic6" /> 
  		<property name="surname" value="SurNameCritic6" /> 
  		<property name="email" value="critic6@critic6.com" /> 
  		<property name="address" value="addressCritic6" /> 
  		<property name="phone" value="+34 633446666" /> 
  		<property name="userAccount" ref="userAccount19" /> 
  		
  		<property name="folders">
			<list>
				<ref bean="folderInboxCritic6" />
				<ref bean="folderOutboxCritic6" />	
				<ref bean="folderTrashboxCritic6" />
				<ref bean="folderSpamboxCritic6" />
			</list>
		</property>
  		<property name="sentMessages">
			<list>

			</list>
		</property> 
  		<property name="receivedMessages">
			<list>

			</list>
		</property> 
		
		
				
		<property name="critiques">
			<list>
			</list>
		</property>
		
		<property name="votedCritiques">
			<list>
		
	
			</list>
		</property>
   	</bean>
   	
   	
  	<!-- FOLDERS --> 
  	
 	<bean id="folderInboxCustomer1" class="domain.Folder">
  		<property name="name" value="Inbox" /> 
  		<property name="predefined" value = "true"/>
  		<property name="messages">
			<list>
				<ref bean="message1AdminCustomer1R" />
				<ref bean="message4Assembler1Customer1R" />
			</list>
		</property>
  		
  		<property name="actor" ref="customer1" />	
  		
  	</bean>
  	
  	<bean id="folderOutboxCustomer1" class="domain.Folder">
  		<property name="name" value="Outbox" /> 
  		<property name="predefined" value = "true"/>
  		<property name="messages">
			<list>
				<ref bean="message2Customer1Customer2" />
				<ref bean="message5Customer1Assembler1" />
			</list>
		</property>
  		
  		<property name="actor" ref="customer1" />	
  		
  	</bean>
  	
  	<bean id="folderTrashboxCustomer1" class="domain.Folder">
  		<property name="name" value="Trashbox" /> 
  		<property name="predefined" value = "true"/>
  		<property name="messages">
			<list>
		
			</list>
		</property>
  		
  		<property name="actor" ref="customer1" />	
  		
  	</bean>
  	
  	<bean id="folderSpamboxCustomer1" class="domain.Folder">
  		<property name="name" value="Spambox" /> 
  		<property name="predefined" value = "true"/>
  		<property name="messages">
			<list>
		
			</list>
		</property>
  		
  		<property name="actor" ref="customer1" />	
  		
  	</bean>

 	<bean id="folderInboxAdmin" class="domain.Folder">
  		<property name="name" value="Inbox" /> 
  		<property name="predefined" value = "true"/>
  		<property name="messages">
			<list>
		
			</list>
		</property>
  		
  		<property name="actor" ref="admin" />	
  		
  	</bean>
  	
  	<bean id="folderOutboxAdmin" class="domain.Folder">
  		<property name="name" value="Outbox" /> 
  		<property name="predefined" value = "true"/>
  		<property name="messages">
			<list>
				<ref bean="message1AdminCustomer1" />
			</list>
		</property>
  		
  		<property name="actor" ref="admin" />	
  		
  	</bean>
  	
  	<bean id="folderTrashboxAdmin" class="domain.Folder">
  		<property name="name" value="Trashbox" /> 
  		<property name="predefined" value = "true"/>
  		<property name="messages">
			<list>
		
			</list>
		</property>
  		
  		<property name="actor" ref="admin" />	
  		
  	</bean>	
  	
  	<bean id="folderSpamboxAdmin" class="domain.Folder">
  		<property name="name" value="Spambox" /> 
  		<property name="predefined" value = "true"/>
  		<property name="messages">
			<list>
		
			</list>
		</property>
  		
  		<property name="actor" ref="admin" />	
  		
  	</bean>	
  	
  	<bean id="folderInboxCustomer2" class="domain.Folder">
  		<property name="name" value="Inbox" /> 
  		<property name="predefined" value = "true"/>
  		<property name="messages">
			<list>
				<ref bean="message2Customer1Customer2R" />
			</list>
		</property>
  		
  		<property name="actor" ref="customer2" />	
  		
  	</bean>
  	
	<bean id="folderOutboxCustomer2" class="domain.Folder">
  		<property name="name" value="Outbox" /> 
  		<property name="predefined" value = "true"/>
  		<property name="messages">
			<list>
				<ref bean="message3Customer2Customer3" />
			</list>
		</property>
  		
  		<property name="actor" ref="customer2" />	
  		
  	</bean>
  	
  	<bean id="folderTrashboxCustomer2" class="domain.Folder">
  		<property name="name" value="Trashbox" /> 
  		<property name="predefined" value = "true"/>
  		<property name="messages">
			<list>
		
			</list>
		</property>
  		
  		<property name="actor" ref="customer2" />	
  		
  	</bean>
  	
  	<bean id="folderSpamboxCustomer2" class="domain.Folder">
  		<property name="name" value="Spambox" /> 
  		<property name="predefined" value = "true"/>
  		<property name="messages">
			<list>
		
			</list>
		</property>
  		
  		<property name="actor" ref="customer2" />	
  		
  	</bean>
  	
 	<bean id="folderInboxCustomer3" class="domain.Folder">
  		<property name="name" value="Inbox" /> 
  		<property name="predefined" value = "true"/>
  		<property name="messages">
			<list>
				<ref bean="message3Customer2Customer3R" />
			</list>
		</property>
  		
  		<property name="actor" ref="customer3" />	
  		
  	</bean>
  	
	<bean id="folderOutboxCustomer3" class="domain.Folder">
  		<property name="name" value="Outbox" /> 
  		<property name="predefined" value = "true"/>
  		<property name="messages">
			<list>
		
			</list>
		</property>
  		
  		<property name="actor" ref="customer3" />	
  		
  	</bean>
  	
  	<bean id="folderTrashboxCustomer3" class="domain.Folder">
  		<property name="name" value="Trashbox" /> 
  		<property name="predefined" value = "true"/>
  		<property name="messages">
			<list>
		
			</list>
		</property>
  		
  		<property name="actor" ref="customer3" />	
  		
  	</bean>
  	
  	<bean id="folderSpamboxCustomer3" class="domain.Folder">
  		<property name="name" value="Spambox" /> 
  		<property name="predefined" value = "true"/>
  		<property name="messages">
			<list>
		
			</list>
		</property>
  		
  		<property name="actor" ref="customer3" />	
  		
  	</bean>
  	
  	
 	<bean id="folderInboxCustomer4" class="domain.Folder">
  		<property name="name" value="Inbox" /> 
  		<property name="predefined" value = "true"/>
  		<property name="messages">
			<list>
		
			</list>
		</property>
  		
  		<property name="actor" ref="customer4" />	
  		
  	</bean>
  	
	<bean id="folderOutboxCustomer4" class="domain.Folder">
  		<property name="name" value="Outbox" /> 
  		<property name="predefined" value = "true"/>
  		<property name="messages">
			<list>
		
			</list>
		</property>
  		
  		<property name="actor" ref="customer4" />	
  		
  	</bean>
  	
  	<bean id="folderTrashboxCustomer4" class="domain.Folder">
  		<property name="name" value="Trashbox" /> 
  		<property name="predefined" value = "true"/>
  		<property name="messages">
			<list>
		
			</list>
		</property>
  		
  		<property name="actor" ref="customer4" />	
  		
  	</bean>
  	
  	<bean id="folderSpamboxCustomer4" class="domain.Folder">
  		<property name="name" value="Spambox" /> 
  		<property name="predefined" value = "true"/>
  		<property name="messages">
			<list>
		
			</list>
		</property>
  		
  		<property name="actor" ref="customer4" />	
  		
  	</bean>
  	
 	<bean id="folderInboxCustomer5" class="domain.Folder">
  		<property name="name" value="Inbox" /> 
  		<property name="predefined" value = "true"/>
  		<property name="messages">
			<list>
		
			</list>
		</property>
  		
  		<property name="actor" ref="customer5" />	
  		
  	</bean>
  	
	<bean id="folderOutboxCustomer5" class="domain.Folder">
  		<property name="name" value="Outbox" /> 
  		<property name="predefined" value = "true"/>
  		<property name="messages">
			<list>
		
			</list>
		</property>
  		
  		<property name="actor" ref="customer5" />	
  		
  	</bean>
  	
  	<bean id="folderTrashboxCustomer5" class="domain.Folder">
  		<property name="name" value="Trashbox" /> 
  		<property name="predefined" value = "true"/>
  		<property name="messages">
			<list>
		
			</list>
		</property>
  		
  		<property name="actor" ref="customer5" />	
  		
  	</bean>
  	
  	<bean id="folderSpamboxCustomer5" class="domain.Folder">
  		<property name="name" value="Spambox" /> 
  		<property name="predefined" value = "true"/>
  		<property name="messages">
			<list>
		
			</list>
		</property>
  		
  		<property name="actor" ref="customer5" />	
  		
  	</bean>

 	<bean id="folderInboxCustomer6" class="domain.Folder">
  		<property name="name" value="Inbox" /> 
  		<property name="predefined" value = "true"/>
  		<property name="messages">
			<list>
		
			</list>
		</property>
  		
  		<property name="actor" ref="customer6" />	
  		
  	</bean>
  	
	<bean id="folderOutboxCustomer6" class="domain.Folder">
  		<property name="name" value="Outbox" /> 
  		<property name="predefined" value = "true"/>
  		<property name="messages">
			<list>
		
			</list>
		</property>
  		
  		<property name="actor" ref="customer6" />	
  		
  	</bean>
  	
  	<bean id="folderTrashboxCustomer6" class="domain.Folder">
  		<property name="name" value="Trashbox" /> 
  		<property name="predefined" value = "true"/>
  		<property name="messages">
			<list>
		
			</list>
		</property>
  		
  		<property name="actor" ref="customer6" />	
  		
  	</bean>
  	
  	<bean id="folderSpamboxCustomer6" class="domain.Folder">
  		<property name="name" value="Spambox" /> 
  		<property name="predefined" value = "true"/>
  		<property name="messages">
			<list>
		
			</list>
		</property>
  		
  		<property name="actor" ref="customer6" />	
  		
  	</bean>







 	 <bean id="folderInboxAssembler1" class="domain.Folder">
  		<property name="name" value="Inbox" /> 
  		<property name="predefined" value = "true"/>
  		<property name="messages">
			<list>
				<ref bean="message5Customer1Assembler1R" />
			</list>
		</property>
  		
  		<property name="actor" ref="assembler1" />	
  		
  	</bean>
  	
	<bean id="folderOutboxAssembler1" class="domain.Folder">
  		<property name="name" value="Outbox" /> 
  		<property name="predefined" value = "true"/>
  		<property name="messages">
			<list>
				<ref bean="message4Assembler1Customer1" />
			</list>
		</property>
  		
  		<property name="actor" ref="assembler1" />	
  		
  	</bean>
  	
  	<bean id="folderTrashboxAssembler1" class="domain.Folder">
  		<property name="name" value="Trashbox" /> 
  		<property name="predefined" value = "true"/>
  		<property name="messages">
			<list>
		
			</list>
		</property>
  		
  		<property name="actor" ref="assembler1" />	
  		
  	</bean>
  	
  	
  	<bean id="folderSpamboxAssembler1" class="domain.Folder">
  		<property name="name" value="Spambox" /> 
  		<property name="predefined" value = "true"/>
  		<property name="messages">
			<list>
		
			</list>
		</property>
  		
  		<property name="actor" ref="assembler1" />	
  		
  	</bean>
  	
  	
  	
 	<bean id="folderInboxAssembler2" class="domain.Folder">
  		<property name="name" value="Inbox" /> 
  		<property name="predefined" value = "true"/>
  		<property name="messages">
			<list>
		
			</list>
		</property>
  		
  		<property name="actor" ref="assembler2" />	
  		
  	</bean>
  	
	<bean id="folderOutboxAssembler2" class="domain.Folder">
  		<property name="name" value="Outbox" /> 
  		<property name="predefined" value = "true"/>
  		<property name="messages">
			<list>
		
			</list>
		</property>
  		
  		<property name="actor" ref="assembler2" />	
  		
  	</bean>
  	
  	<bean id="folderTrashboxAssembler2" class="domain.Folder">
  		<property name="name" value="Trashbox" /> 
  		<property name="predefined" value = "true"/>
  		<property name="messages">
			<list>
		
			</list>
		</property>
  		
  		<property name="actor" ref="assembler2" />	
  		
  	</bean>
  	
  	<bean id="folderSpamboxAssembler2" class="domain.Folder">
  		<property name="name" value="Spambox" /> 
  		<property name="predefined" value = "true"/>
  		<property name="messages">
			<list>
		
			</list>
		</property>
  		
  		<property name="actor" ref="assembler2" />	
  		
  	</bean>
  	
 	<bean id="folderInboxAssembler3" class="domain.Folder">
  		<property name="name" value="Inbox" /> 
  		<property name="predefined" value = "true"/>
  		<property name="messages">
			<list>
		
			</list>
		</property>
  		
  		<property name="actor" ref="assembler3" />	
  		
  	</bean>
  	
	<bean id="folderOutboxAssembler3" class="domain.Folder">
  		<property name="name" value="Outbox" /> 
  		<property name="predefined" value = "true"/>
  		<property name="messages">
			<list>
		
			</list>
		</property>
  		
  		<property name="actor" ref="assembler3" />	
  		
  	</bean>
  	
  	<bean id="folderTrashboxAssembler3" class="domain.Folder">
  		<property name="name" value="Trashbox" /> 
  		<property name="predefined" value = "true"/>
  		<property name="messages">
			<list>
		
			</list>
		</property>
  		
  		<property name="actor" ref="assembler3" />	
  		
  	</bean>
  	
  	<bean id="folderSpamboxAssembler3" class="domain.Folder">
  		<property name="name" value="Spambox" /> 
  		<property name="predefined" value = "true"/>
  		<property name="messages">
			<list>
		
			</list>
		</property>
  		
  		<property name="actor" ref="assembler3" />	
  		
  	</bean>
  	
 	<bean id="folderInboxAssembler4" class="domain.Folder">
  		<property name="name" value="Inbox" /> 
  		<property name="predefined" value = "true"/>
  		<property name="messages">
			<list>
		
			</list>
		</property>
  		
  		<property name="actor" ref="assembler4" />	
  		
  	</bean>
  	
	<bean id="folderOutboxAssembler4" class="domain.Folder">
  		<property name="name" value="Outbox" /> 
  		<property name="predefined" value = "true"/>
  		<property name="messages">
			<list>
		
			</list>
		</property>
  		
  		<property name="actor" ref="assembler4" />	
  		
  	</bean>
  	
  	<bean id="folderTrashboxAssembler4" class="domain.Folder">
  		<property name="name" value="Trashbox" /> 
  		<property name="predefined" value = "true"/>
  		<property name="messages">
			<list>
		
			</list>
		</property>
  		
  		<property name="actor" ref="assembler4" />	
  		
  	</bean>
  	
  	<bean id="folderSpamboxAssembler4" class="domain.Folder">
  		<property name="name" value="Spambox" /> 
  		<property name="predefined" value = "true"/>
  		<property name="messages">
			<list>
		
			</list>
		</property>
  		
  		<property name="actor" ref="assembler4" />	
  		
  	</bean>

 	 <bean id="folderInboxAssembler5" class="domain.Folder">
  		<property name="name" value="Inbox" /> 
  		<property name="predefined" value = "true"/>
  		<property name="messages">
			<list>
		
			</list>
		</property>
  		
  		<property name="actor" ref="assembler5" />	
  		
  	</bean>
  	
	<bean id="folderOutboxAssembler5" class="domain.Folder">
  		<property name="name" value="Outbox" /> 
  		<property name="predefined" value = "true"/>
  		<property name="messages">
			<list>
		
			</list>
		</property>
  		
  		<property name="actor" ref="assembler5" />	
  		
  	</bean>
  	
  	<bean id="folderTrashboxAssembler5" class="domain.Folder">
  		<property name="name" value="Trashbox" /> 
  		<property name="predefined" value = "true"/>
  		<property name="messages">
			<list>
		
			</list>
		</property>
  		
  		<property name="actor" ref="assembler5" />	
  		
  	</bean>
  	
  	<bean id="folderSpamboxAssembler5" class="domain.Folder">
  		<property name="name" value="Spambox" /> 
  		<property name="predefined" value = "true"/>
  		<property name="messages">
			<list>
		
			</list>
		</property>
  		
  		<property name="actor" ref="assembler5" />	
  		
  	</bean>


 	<bean id="folderInboxAssembler6" class="domain.Folder">
  		<property name="name" value="Inbox" /> 
  		<property name="predefined" value = "true"/>
  		<property name="messages">
			<list>
		
			</list>
		</property>
  		
  		<property name="actor" ref="assembler6" />	
  		
  	</bean>
  	
	<bean id="folderOutboxAssembler6" class="domain.Folder">
  		<property name="name" value="Outbox" /> 
  		<property name="predefined" value = "true"/>
  		<property name="messages">
			<list>
		
			</list>
		</property>
  		
  		<property name="actor" ref="assembler6" />	
  		
  	</bean>
  	
  	<bean id="folderTrashboxAssembler6" class="domain.Folder">
  		<property name="name" value="Trashbox" /> 
  		<property name="predefined" value = "true"/>
  		<property name="messages">
			<list>
		
			</list>
		</property>
  		
  		<property name="actor" ref="assembler6" />	
  		
  	</bean>
  	
  	<bean id="folderSpamboxAssembler6" class="domain.Folder">
  		<property name="name" value="Spambox" /> 
  		<property name="predefined" value = "true"/>
  		<property name="messages">
			<list>
		
			</list>
		</property>
  		
  		<property name="actor" ref="assembler6" />	
  		
  	</bean>
  	
  	<bean id="folderInboxCritic1" class="domain.Folder">
  		<property name="name" value="Inbox" /> 
  		<property name="predefined" value = "true"/>
  		<property name="messages">
			<list>
				<ref bean="message7Critic2Critic1R" />
			</list>
		</property>
  		
  		<property name="actor" ref="critic1" />	
  		
  	</bean>
  	
	<bean id="folderOutboxCritic1" class="domain.Folder">
  		<property name="name" value="Outbox" /> 
  		<property name="predefined" value = "true"/>
  		<property name="messages">
			<list>
				<ref bean="message6Critic1Critic2" />
			</list>
		</property>
  		
  		<property name="actor" ref="critic1" />	
  		
  	</bean>
  	
  	<bean id="folderTrashboxCritic1" class="domain.Folder">
  		<property name="name" value="Trashbox" /> 
  		<property name="predefined" value = "true"/>
  		<property name="messages">
			<list>
		
			</list>
		</property>
  		
  		<property name="actor" ref="critic1" />	
  		
  	</bean>
  	
  	<bean id="folderSpamboxCritic1" class="domain.Folder">
  		<property name="name" value="Spambox" /> 
  		<property name="predefined" value = "true"/>
  		<property name="messages">
			<list>
		
			</list>
		</property>
  		
  		<property name="actor" ref="critic1" />	
  		
  	</bean>
  	
  	<bean id="folderInboxCritic2" class="domain.Folder">
  		<property name="name" value="Inbox" /> 
  		<property name="predefined" value = "true"/>
  		<property name="messages">
			<list>
				<ref bean="message6Critic1Critic2R" />
			</list>
		</property>
  		
  		<property name="actor" ref="critic2" />	
  		
  	</bean>
  	
	<bean id="folderOutboxCritic2" class="domain.Folder">
  		<property name="name" value="Outbox" /> 
  		<property name="predefined" value = "true"/>
  		<property name="messages">
			<list>
				<ref bean="message7Critic2Critic1" />
			</list>
		</property>
  		
  		<property name="actor" ref="critic2" />	
  		
  	</bean>
  	
  	<bean id="folderTrashboxCritic2" class="domain.Folder">
  		<property name="name" value="Trashbox" /> 
  		<property name="predefined" value = "true"/>
  		<property name="messages">
			<list>
		
			</list>
		</property>
  		
  		<property name="actor" ref="critic2" />	
  		
  	</bean>
  	
  	<bean id="folderSpamboxCritic2" class="domain.Folder">
  		<property name="name" value="Spambox" /> 
  		<property name="predefined" value = "true"/>
  		<property name="messages">
			<list>
		
			</list>
		</property>
  		
  		<property name="actor" ref="critic2" />	
  		
  	</bean>
  	
  	<bean id="folderInboxCritic3" class="domain.Folder">
  		<property name="name" value="Inbox" /> 
  		<property name="predefined" value = "true"/>
  		<property name="messages">
			<list>
		
			</list>
		</property>
  		
  		<property name="actor" ref="critic3" />	
  		
  	</bean>
  	
	<bean id="folderOutboxCritic3" class="domain.Folder">
  		<property name="name" value="Outbox" /> 
  		<property name="predefined" value = "true"/>
  		<property name="messages">
			<list>
		
			</list>
		</property>
  		
  		<property name="actor" ref="critic3" />	
  		
  	</bean>
  	
  	<bean id="folderTrashboxCritic3" class="domain.Folder">
  		<property name="name" value="Trashbox" /> 
  		<property name="predefined" value = "true"/>
  		<property name="messages">
			<list>
		
			</list>
		</property>
  		
  		<property name="actor" ref="critic3" />	
  		
  	</bean>
  	
  	<bean id="folderSpamboxCritic3" class="domain.Folder">
  		<property name="name" value="Spamhbox" /> 
  		<property name="predefined" value = "true"/>
  		<property name="messages">
			<list>
		
			</list>
		</property>
  		
  		<property name="actor" ref="critic3" />	
  		
  	</bean>
  	
  	<bean id="folderInboxCritic4" class="domain.Folder">
  		<property name="name" value="Inbox" /> 
  		<property name="predefined" value = "true"/>
  		<property name="messages">
			<list>
		
			</list>
		</property>
  		
  		<property name="actor" ref="critic4" />	
  		
  	</bean>
  	
	<bean id="folderOutboxCritic4" class="domain.Folder">
  		<property name="name" value="Outbox" /> 
  		<property name="predefined" value = "true"/>
  		<property name="messages">
			<list>
		
			</list>
		</property>
  		
  		<property name="actor" ref="critic4" />	
  		
  	</bean>
  	
  	<bean id="folderTrashboxCritic4" class="domain.Folder">
  		<property name="name" value="Trashbox" /> 
  		<property name="predefined" value = "true"/>
  		<property name="messages">
			<list>
		
			</list>
		</property>
  		
  		<property name="actor" ref="critic4" />	
  		
  	</bean>
  	
  	<bean id="folderSpamboxCritic4" class="domain.Folder">
  		<property name="name" value="Spambox" /> 
  		<property name="predefined" value = "true"/>
  		<property name="messages">
			<list>
		
			</list>
		</property>
  		
  		<property name="actor" ref="critic4" />	
  		
  	</bean>
  	
  	<bean id="folderInboxCritic5" class="domain.Folder">
  		<property name="name" value="Inbox" /> 
  		<property name="predefined" value = "true"/>
  		<property name="messages">
			<list>
		
			</list>
		</property>
  		
  		<property name="actor" ref="critic5" />	
  		
  	</bean>
  	
	<bean id="folderOutboxCritic5" class="domain.Folder">
  		<property name="name" value="Outbox" /> 
  		<property name="predefined" value = "true"/>
  		<property name="messages">
			<list>
		
			</list>
		</property>
  		
  		<property name="actor" ref="critic5" />	
  		
  	</bean>
  	
  	<bean id="folderTrashboxCritic5" class="domain.Folder">
  		<property name="name" value="Trashbox" /> 
  		<property name="predefined" value = "true"/>
  		<property name="messages">
			<list>
		
			</list>
		</property>
  		
  		<property name="actor" ref="critic5" />	
  		
  	</bean>
  	
  	<bean id="folderSpamboxCritic5" class="domain.Folder">
  		<property name="name" value="Spambox" /> 
  		<property name="predefined" value = "true"/>
  		<property name="messages">
			<list>
		
			</list>
		</property>
  		
  		<property name="actor" ref="critic5" />	
  		
  	</bean>
  	
  	
  	<bean id="folderInboxCritic6" class="domain.Folder">
  		<property name="name" value="Inbox" /> 
  		<property name="predefined" value = "true"/>
  		<property name="messages">
			<list>
		
			</list>
		</property>
  		
  		<property name="actor" ref="critic6" />	
  		
  	</bean>
  	
	<bean id="folderOutboxCritic6" class="domain.Folder">
  		<property name="name" value="Outbox" /> 
  		<property name="predefined" value = "true"/>
  		<property name="messages">
			<list>
		
			</list>
		</property>
  		
  		<property name="actor" ref="critic6" />	
  		
  	</bean>
  	
  	<bean id="folderTrashboxCritic6" class="domain.Folder">
  		<property name="name" value="Trashbox" /> 
  		<property name="predefined" value = "true"/>
  		<property name="messages">
			<list>
		
			</list>
		</property>
  		
  		<property name="actor" ref="critic6" />	
  		
  	</bean>
  	
  	<bean id="folderSpamboxCritic6" class="domain.Folder">
  		<property name="name" value="Spambox" /> 
  		<property name="predefined" value = "true"/>
  		<property name="messages">
			<list>
		
			</list>
		</property>
  		
  		<property name="actor" ref="critic6" />	
  		
  	</bean>
  	
  	<!-- MESSAGES --> 
  	
  	<bean id="message1AdminCustomer1" class="domain.Message">
  		<property name="subject" value="subject1" /> 
  		<property name="body" value="body1" /> 
  		<property name="moment" value="01/01/2016 00:00" />
  	
  		<property name="sender" ref="admin" />
  		<property name="recipient" ref="customer1" />
  		<property name="folder" ref="folderOutboxAdmin" />
  			
	</bean>
	
	<bean id="message1AdminCustomer1R" class="domain.Message">
  		<property name="subject" value="subject1" /> 
  		<property name="body" value="body1" /> 
  		<property name="moment" value="01/01/2016 00:00" />
  	
  		<property name="sender" ref="admin" />
  		<property name="recipient" ref="customer1" />
  		<property name="folder" ref="folderInboxCustomer1" />
  			
	</bean>
	
	<bean id="message2Customer1Customer2" class="domain.Message">
  		<property name="subject" value="subject2" /> 
  		<property name="body" value="body2" /> 
  		<property name="moment" value="02/02/2016 00:00" />
  	
  		<property name="sender" ref="customer1" />
  		<property name="recipient" ref="customer2" />
  		<property name="folder" ref="folderOutboxCustomer1" />
  			
	</bean>
	
	<bean id="message2Customer1Customer2R" class="domain.Message">
  		<property name="subject" value="subject2" /> 
  		<property name="body" value="body2" /> 
  		<property name="moment" value="02/02/2016 00:00" />
  	
  		<property name="sender" ref="customer1" />
  		<property name="recipient" ref="customer2" />
  		<property name="folder" ref="folderInboxCustomer2" />
  			
	</bean>
	
	<bean id="message3Customer2Customer3" class="domain.Message">
  		<property name="subject" value="subject3" /> 
  		<property name="body" value="body3" /> 
  		<property name="moment" value="03/03/2016 00:00" />
  	
  		<property name="sender" ref="customer2" />
  		<property name="recipient" ref="customer3" />
  		<property name="folder" ref="folderOutboxCustomer2" />
  			
	</bean>
	
	<bean id="message3Customer2Customer3R" class="domain.Message">
  		<property name="subject" value="subject3" /> 
  		<property name="body" value="body3" /> 
  		<property name="moment" value="03/03/2016 00:00" />
  	
  		<property name="sender" ref="customer1" />
  		<property name="recipient" ref="customer2" />
  		<property name="folder" ref="folderInboxCustomer3" />
  			
	</bean>
	
	
	<bean id="message4Assembler1Customer1" class="domain.Message">
  		<property name="subject" value="subject4" /> 
  		<property name="body" value="body4" /> 
  		<property name="moment" value="04/04/2016 00:00" />
  	
  		<property name="sender" ref="assembler1" />
  		<property name="recipient" ref="customer1" />
  		<property name="folder" ref="folderOutboxAssembler1" />
  			
	</bean>
	
	<bean id="message4Assembler1Customer1R" class="domain.Message">
  		<property name="subject" value="subject4" /> 
  		<property name="body" value="body4" /> 
  		<property name="moment" value="04/04/2016 00:00" />
  	
  		<property name="sender" ref="assembler1" />
  		<property name="recipient" ref="customer1" />
  		<property name="folder" ref="folderInboxCustomer1" />
  			
	</bean>
  	
 
  	<bean id="message5Customer1Assembler1" class="domain.Message">
  		<property name="subject" value="subject5" /> 
  		<property name="body" value="body5" /> 
  		<property name="moment" value="05/05/2016 00:00" />
  	
  		<property name="sender" ref="customer1" />
  		<property name="recipient" ref="assembler1" />
  		<property name="folder" ref="folderOutboxCustomer1" />
  			
	</bean>
	
	<bean id="message5Customer1Assembler1R" class="domain.Message">
  		<property name="subject" value="subject5" /> 
  		<property name="body" value="body5" /> 
  		<property name="moment" value="05/05/2016 00:00" />
  	
  		<property name="sender" ref="customer1" />
  		<property name="recipient" ref="assembler1" />
  		<property name="folder" ref="folderInboxAssembler1" />
  			
	</bean>
	
	
	<bean id="message6Critic1Critic2" class="domain.Message">
  		<property name="subject" value="subject6" /> 
  		<property name="body" value="body6" /> 
  		<property name="moment" value="06/06/2016 00:00" />
  	
  		<property name="sender" ref="critic1" />
  		<property name="recipient" ref="critic2" />
  		<property name="folder" ref="folderOutboxCritic1" />
  			
	</bean>
	
	<bean id="message6Critic1Critic2R" class="domain.Message">
  		<property name="subject" value="subject6" /> 
  		<property name="body" value="body6" /> 
  		<property name="moment" value="06/06/2016 00:00" />
  	
  		<property name="sender" ref="critic1" />
  		<property name="recipient" ref="critic2" />
  		<property name="folder" ref="folderInboxCritic2" />
  			
	</bean>
	
	<bean id="message7Critic2Critic1" class="domain.Message">
  		<property name="subject" value="subject7" /> 
  		<property name="body" value="body7" /> 
  		<property name="moment" value="07/07/2016 00:00" />
  	
  		<property name="sender" ref="critic2" />
  		<property name="recipient" ref="critic1" />
  		<property name="folder" ref="folderOutboxCritic2" />
  			
	</bean>
	
	<bean id="message7Critic2Critic1R" class="domain.Message">
  		<property name="subject" value="subject7" /> 
  		<property name="body" value="body7" /> 
  		<property name="moment" value="07/07/2016 00:00" />
  	
  		<property name="sender" ref="critic2" />
  		<property name="recipient" ref="critic1" />
  		<property name="folder" ref="folderInboxCritic1" />
  			
	</bean>
  	
  	
  	<!--  BUDGETS   --> 
  	
  	<bean id="budget1" class="domain.Budget">
		<property name="moment" value="01/01/2016 00:00" />

		<property name="name" value="Casa campo1" />
		<property name="customer" ref="customer1" />	
		<property name="budgetLines">
			<list>
				<ref bean="budgetLine1" />
				<ref bean="budgetLine2" />	
				<ref bean="budgetLine3" />	
			</list>
		</property>
			
	</bean>
	
	<bean id="budget2" class="domain.Budget">
		<property name="moment" value="02/02/2016 00:00" />
		
		<property name="name" value="Casa campo2" />
		<property name="customer" ref="customer1" />	
		<property name="budgetLines">
			<list>
				<ref bean="budgetLine4" />
				<ref bean="budgetLine5" />	
			</list>
		</property>
			
	</bean>
	
	<bean id="budget3" class="domain.Budget">
		<property name="moment" value="03/03/2016 00:00" />
		<property name="name" value="Casa campo3" />
		<property name="customer" ref="customer1" />	
		<property name="budgetLines">
			<list>
				<ref bean="budgetLine6" />	
			</list>
		</property>
			
	</bean>
	
	<bean id="budget4" class="domain.Budget">
		<property name="moment" value="04/04/2016 00:00" />
		
		<property name="name" value="Muebles cocina" />
		<property name="customer" ref="customer2" />	
		<property name="budgetLines">
			<list>
				<ref bean="budgetLine7" />	
			</list>
		</property>
			
	</bean>
	
	<bean id="budget5" class="domain.Budget">
		<property name="moment" value="05/05/2016 00:00" />
		
		<property name="name" value="Muebles salón" />
		<property name="customer" ref="customer2" />	
		<property name="budgetLines">
			<list>
				<ref bean="budgetLine8" />	
			</list>
		</property>
			
	</bean>
	
	<bean id="budget6" class="domain.Budget">
		<property name="moment" value="06/06/2016 00:00" />
		<property name="name" value="Piso alquilar" />
		<property name="customer" ref="customer3" />	
		<property name="budgetLines">
			<list>
				<ref bean="budgetLine9" />	
			</list>
		</property>
			
	</bean>
  	
  	
  	
  	<!--  BUDGETLINES   --> 
  	
  	<bean id="budgetLine1" class="domain.BudgetLine">
		<property name="quantity" value="2" />
		<property name="furnitureCode" value="111111-AAAA" />
		<property name="pieceCode" value="000000-AAAA" />
		<property name="piecePrice" value = "50.00"/>
		<property name="comment" value="comment1" />
		
		<property name="budget" ref="budget1" />	
		<property name="acceptance" ref="acceptance1" />	
				
	</bean>
	
	<bean id="budgetLine2" class="domain.BudgetLine">
		<property name="quantity" value="1" />
		<property name="furnitureCode" value="222222-BBBB" />
		<property name="pieceCode" value="000001-AAAA" />
		<property name="piecePrice" value = "50.00"/>
		<property name="comment" value="comment2" />
		
		<property name="budget" ref="budget1" />	
		<property name="acceptance" ref="acceptance3" />	

				
	</bean>
	
	<bean id="budgetLine3" class="domain.BudgetLine">
		<property name="quantity" value="1" />
		<property name="furnitureCode" value="333333-CCCC" />
		<property name="pieceCode" value="000002-AAAA" />
		<property name="piecePrice" value = "50.00"/>
		<property name="comment" value="comment3" />
		
		<property name="budget" ref="budget1" />	
		<property name="acceptance" ref="acceptance4" />	

				
	</bean>
	
	<bean id="budgetLine4" class="domain.BudgetLine">
		<property name="quantity" value="1" />
		<property name="furnitureCode" value="111111-AAAA" />
		<property name="pieceCode" value="000003-AAAA" />
		<property name="piecePrice" value = "50.00"/>
		<property name="comment" value="comment4" />
		
		<property name="budget" ref="budget2" />	
		<property name="acceptance" ref="acceptance5" />	

				
	</bean>
	
	<bean id="budgetLine5" class="domain.BudgetLine">
		<property name="quantity" value="1" />
		<property name="furnitureCode" value="444444-DDDD" />
		<property name="pieceCode" value="000004-AAAA" />
		<property name="piecePrice" value = "50.00"/>
		<property name="comment" value="comment5" />
		
		<property name="budget" ref="budget2" />	
		<property name="acceptance" ref="acceptance6" />	

				
	</bean>
	
	<bean id="budgetLine6" class="domain.BudgetLine">
		<property name="quantity" value="1" />
		<property name="furnitureCode" value="111111-AAAA" />
		<property name="pieceCode" value="000007-AAAA" />
		<property name="piecePrice" value = "50.00"/>
		<property name="comment" value="comment6" />
		
		<property name="budget" ref="budget3" />	
		<property name="acceptance" ref="acceptance7" />	

				
	</bean>
	
	<bean id="budgetLine7" class="domain.BudgetLine">
		<property name="quantity" value="1" />
		<property name="furnitureCode" value="222222-BBBB" />
		<property name="pieceCode" value="000008-AAAA" />
		<property name="piecePrice" value = "50.00"/>
		<property name="comment" value="comment7" />
		
		<property name="budget" ref="budget4" />	
		<property name="acceptance" ref="acceptance2" />	

				
	</bean>
	
	<bean id="budgetLine8" class="domain.BudgetLine">
		<property name="quantity" value="1" />
		<property name="furnitureCode" value="555555-DDDD" />
		<property name="pieceCode" value="000009-AAAA" />
		<property name="piecePrice" value = "50.00"/>
		<property name="comment" value="comment8" />
		
		<property name="budget" ref="budget5" />	
				
	</bean>
	
	<bean id="budgetLine9" class="domain.BudgetLine">
		<property name="quantity" value="1" />
		<property name="furnitureCode" value="666666-EEEE" />
		<property name="pieceCode" value="000010-AAAA" />
		<property name="piecePrice" value = "50.00"/>
		<property name="comment" value="comment9" />
		
		<property name="budget" ref="budget6" />	

				
	</bean>
  	
  	<!--  MAKERS  --> 
  	
  	<bean id="maker1" class="domain.Maker">
  		<property name="name" value="nameMaker1" />
  		<property name="email" value="maker1@maker1.com" />
  		<property name="phone" value="606798546" />
		
		<property name="furnitures">
			<list>
				<ref bean="furniture1" />
				<ref bean="furniture2" />
			</list>
		</property>
		
		<property name="backs">
			<list>
				<ref bean="back1" />
				<ref bean="back2" />
			</list>
		</property>
		
		<property name="acceptances">
			<list>
				<ref bean="acceptance1" />
				<ref bean="acceptance2" />
			</list>
		</property>
				
	</bean>
	
	
	<bean id="maker2" class="domain.Maker">
  		<property name="name" value="nameMaker2" />
  		<property name="email" value="maker2@maker2.com" />
  		<property name="phone" value="606792222" />
		
		<property name="furnitures">
			<list>
				<ref bean="furniture3" />
			</list>
		</property>
		
		<property name="backs">
			<list>
				<ref bean="back3" />	
			</list>
		</property>
		
		<property name="acceptances">
			<list>
				<ref bean="acceptance3" />	
			</list>
		</property>
				
	</bean>
	
	<bean id="maker3" class="domain.Maker">
  		<property name="name" value="nameMaker3" />
  		<property name="email" value="maker3@maker3.com" />
  		<property name="phone" value="606793333" />
		
		<property name="furnitures">
			<list>
				<ref bean="furniture4" />
		
			</list>
		</property>
		
		<property name="backs">
			<list>
				<ref bean="back4" />
			</list>
		</property>
		
		<property name="acceptances">
			<list>
				<ref bean="acceptance4" />	
			</list>
		</property>
				
	</bean>
	
	<bean id="maker4" class="domain.Maker">
  		<property name="name" value="nameMaker4" />
  		<property name="email" value="maker4@maker4.com" />
  		<property name="phone" value="606794444" />
  	
		<property name="furnitures">
			<list>
				<ref bean="furniture5" />
			</list>
		</property>
		
		<property name="backs">
			<list>
				<ref bean="back5" />
			</list>
		</property>
		
		<property name="acceptances">
			<list>
				<ref bean="acceptance5" />	
			</list>
		</property>
				
	</bean>
	
	
	<bean id="maker5" class="domain.Maker">
  		<property name="name" value="nameMaker5" />
  		<property name="email" value="maker5@maker5.com" />
  		<property name="phone" value="606795555" />
		
		<property name="furnitures">
			<list>
				<ref bean="furniture6" />
			</list>
		</property>
		
		<property name="backs">
			<list>
				<ref bean="back6" />
			</list>
		</property>
		
		<property name="acceptances">
			<list>
				<ref bean="acceptance6" />	
			</list>
		</property>
				
	</bean>
	
	
	<bean id="maker6" class="domain.Maker">
  		<property name="name" value="nameMaker6" />
  		<property name="email" value="maker6@maker6.com" />
  		<property name="phone" value="606796666" />
		
		<property name="furnitures">
			<list>
				
			</list>
		</property>
		
		<property name="backs">
			<list>
			
			</list>
		</property>
		
		<property name="acceptances">
			<list>
				<ref bean="acceptance7" />	
			</list>
		</property>
				
	</bean>
	
	
	<!-- RATINGS --> 
  	
  	<bean id="rating1" class="domain.Rating">
  		<property name="stars" value="3" />
  		<property name="comment" value="comment1" />
  	
  		<property name="furniture" ref="furniture1" />	
  		<property name="customer" ref="customer1" />	
	</bean>
	
	<bean id="rating2" class="domain.Rating">
  		<property name="stars" value="4" />
  		<property name="comment" value="comment2" />
  	
  		<property name="furniture" ref="furniture1" />		
  		<property name="customer" ref="customer2" />	
	</bean>
	
	<bean id="rating3" class="domain.Rating">
  		<property name="stars" value="5" />
  		<property name="comment" value="comment3" />
  	
  		<property name="furniture" ref="furniture1" />		
  		<property name="customer" ref="customer3" />		
	</bean>
	
	<bean id="rating4" class="domain.Rating">
  		<property name="stars" value="1" />
  		<property name="comment" value="comment4" />
  	
  		<property name="furniture" ref="furniture2" />	
  		 <property name="customer" ref="customer4" />		
	</bean>
	
	<bean id="rating5" class="domain.Rating">
  		<property name="stars" value="2" />
  		<property name="comment" value="comment5" />
  	
  		<property name="furniture" ref="furniture2" />
  		 <property name="customer" ref="customer5" />			
	</bean>
  	
  	<bean id="rating6" class="domain.Rating">
  		<property name="stars" value="5" />
  		<property name="comment" value="comment6" />
  	
  		<property name="furniture" ref="furniture3" />
  		 <property name="customer" ref="customer6" />			
	</bean>

	<!--  ASSEMBLIES  --> 
  	
  	<bean id="assembly1" class="domain.Assembly">
  		<property name="price" value = "1000.00"/>
  		
  		<property name="assembler" ref="assembler1" />	
  		<property name="furniture" ref="furniture1" />	
		  				
	</bean>
	
	<bean id="assembly2" class="domain.Assembly">
  		<property name="price" value = "2000.00"/>
  		
  		<property name="assembler" ref="assembler1" />	
  		<property name="furniture" ref="furniture2" />	
		  				
	</bean>
	
	<bean id="assembly3" class="domain.Assembly">
  		<property name="price" value = "3000.00"/>
  		
  		<property name="assembler" ref="assembler1" />	
  		<property name="furniture" ref="furniture3" />	
		  				
	</bean>
	
	<bean id="assembly4" class="domain.Assembly">
  		<property name="price" value = "3000.00"/>
  		
  		<property name="assembler" ref="assembler2" />	
  		<property name="furniture" ref="furniture4" />	
		  				
	</bean>
	
	<bean id="assembly5" class="domain.Assembly">
  		<property name="price" value = "1500.00"/>
  		
  		<property name="assembler" ref="assembler2" />	
  		<property name="furniture" ref="furniture5" />	
		  				
	</bean>
	
	
	
	<!-- FURNITURES --> 
  	
  	<bean id="furniture1" class="domain.Furniture">
  		<property name="code" value="111111-AAAA" />
  		<property name="type" value="type1" />
  		<property name="height" value="100" />
  		<property name="width" value="100" />
  		<property name="depth" value="100" />
  		<property name="picture" value="http://www.bakosbrothers.com/wp-content/uploads/2015/09/office1.jpg" />
  		<property name="price" value = "60.00"/>
  		<property name="assembly" ref = "assembly1"/>
		
		<property name="critiques">
			<list>
				<ref bean="critique1" />
				<ref bean="critique4" />
				<ref bean="critique6" />
			</list>
		</property>
		
		<property name="incidences">
			<list>
				<ref bean="incidence1" />
				<ref bean="incidence2" />
			</list>
		</property>
  		
  		<property name="pieces">
			<list>
				<ref bean="piece1" />
				<ref bean="piece2" />
				<ref bean="piece3" />
			</list>
		</property>
		
		<property name="ratings">
			<list>
				<ref bean="rating1" />
				<ref bean="rating2" />
				<ref bean="rating3" />
			</list>
		</property>
  		
  		<property name="maker" ref="maker1" />	
  				  				
	</bean>
	
	
	<bean id="furniture2" class="domain.Furniture">
  		<property name="code" value="222222-BBBB" />
  		<property name="type" value="type2" />
  		<property name="height" value="200" />
  		<property name="width" value="200" />
  		<property name="depth" value="200" />
  		<property name="picture" value="http://www.woodbros.co.uk/wp-content/uploads/OC1631_CT-700x560.jpg" />
  		<property name="price" value = "90.00"/>
  		<property name="assembly" ref = "assembly2"/>
		
		<property name="critiques">
			<list>
				<ref bean="critique2" />
				<ref bean="critique5" />
			</list>
		</property>
		
		<property name="incidences">
			<list>
				<ref bean="incidence3" />			
			</list>
		</property>
  		
  		<property name="pieces">
			<list>
				<ref bean="piece4" />
				<ref bean="piece5" />
			</list>
		</property>
		
		<property name="ratings">
			<list>
				<ref bean="rating4" />
				<ref bean="rating5" />
			</list>
		</property>
  		
  		<property name="maker" ref="maker1" />	
  				  				
	</bean>
	
	
	<bean id="furniture3" class="domain.Furniture">
  		<property name="code" value="333333-CCCC" />
  		<property name="type" value="type3" />
  		<property name="height" value="300" />
  		<property name="width" value="300" />
  		<property name="depth" value="300" />
  		<property name="picture" value="https://i.ebayimg.com/00/s/NTAwWDUwMA==/z/MvQAAOSwCU1YyKCu/$_35.JPG" />
  		<property name="price" value = "130.00"/>
  		<property name="assembly" ref = "assembly3"/>
		
		<property name="critiques">
			<list>
				<ref bean="critique3" />
			</list>
		</property>
		
		<property name="incidences">
			<list>
				<ref bean="incidence4" />
			</list>
		</property>
  		
  		<property name="pieces">
			<list>
				<ref bean="piece6" />
				<ref bean="piece7" />
			</list>
		</property>
		
		<property name="ratings">
			<list>
				<ref bean="rating6" />
			</list>
		</property>
  		
  		<property name="maker" ref="maker2" />	
  				  				
	</bean>
	
	<bean id="furniture4" class="domain.Furniture">
  		<property name="code" value="444444-DDDD" />
  		<property name="type" value="type4" />
  		<property name="height" value="400" />
  		<property name="width" value="400" />
  		<property name="depth" value="400" />
  		<property name="picture" value="http://www.asiadragon.co.uk/images/departments/sikar-indian-furniture.jpg" />
  		<property name="price" value = "80.00"/>
  		<property name="assembly" ref = "assembly4"/>
		
		<property name="critiques">
			<list>
				<ref bean="critique7" />
			</list>
		</property>
		
		<property name="incidences">
			<list>
				<ref bean="incidence5" />
			</list>
		</property>
  		
  		<property name="pieces">
			<list>
				<ref bean="piece8" />
			</list>
		</property>
		
		<property name="ratings">
			<list>
			</list>
		</property>
  		
  		<property name="maker" ref="maker3" />	
  				  				
	</bean>
	
	
	<bean id="furniture5" class="domain.Furniture">
  		<property name="code" value="555555-DDDD" />
  		<property name="type" value="type5" />
  		<property name="height" value="500" />
  		<property name="width" value="500" />
  		<property name="depth" value="500" />
  		<property name="picture" value="http://fingerlakesearthfirst.org/wp-content/uploads/2017/01/bed-furniture-23000.jpg" />
  		<property name="price" value = "90.00"/>
  		<property name="assembly" ref = "assembly5"/>
		
		<property name="critiques">
			<list>
				<ref bean="critique8" />
			</list>
		</property>
		
		<property name="incidences">
			<list>
				<ref bean="incidence6" />
			</list>
		</property>
  		
  		<property name="pieces">
			<list>
				<ref bean="piece9" />
			</list>
		</property>
		
		<property name="ratings">
			<list>
			</list>
		</property>
  		
  		<property name="maker" ref="maker4" />	
  				  				
	</bean>
	
	
	<bean id="furniture6" class="domain.Furniture">
  		<property name="code" value="666666-EEEE" />
  		<property name="type" value="type6" />
  		<property name="height" value="600" />
  		<property name="width" value="600" />
  		<property name="depth" value="600" />
  		<property name="picture" value="http://www.artnewsnviews.com/userfiles/image/aug-2010/furniture_02.gif" />
  		<property name="price" value = "100.00"/>
  		
		
		<property name="critiques">
			<list>
			
			</list>
		</property>
		
		<property name="incidences">
			<list>
			
			</list>
		</property>
  		
  		<property name="pieces">
			<list>
				<ref bean="piece10" />
			</list>
		</property>
		
		<property name="ratings">
			<list>
			</list>
		</property>
  		
  		<property name="maker" ref="maker5" />	
  				  				
	</bean>
	
	
	<!-- PIECES --> 
  	
  	<bean id="piece1" class="domain.Piece">
  		<property name="code" value="000000-AAAA" />
  		<property name="price" value = "10.00"/>
  		<property name="material" value="material1" />
  		<property name="description" value="description1" />
  		
  		<property name="backs">
			<list>
				<ref bean="back1" />
				<ref bean="back2" />
				<ref bean="back3" />

			</list>
		</property>	
  		<property name="furniture" ref="furniture1" />	
  	
	</bean>
	
	<bean id="piece2" class="domain.Piece">
  		<property name="code" value="000001-AAAA" />
  		<property name="price" value = "20.00"/>
  		<property name="material" value="material2" />
  		<property name="description" value="description2" />
  		
  		<property name="backs">
			<list>

			</list>
		</property>		
  		<property name="furniture" ref="furniture1" />	
  	
	</bean>
	
	<bean id="piece3" class="domain.Piece">
  		<property name="code" value="000002-AAAA" />
  		<property name="price" value = "30.00"/>
  		<property name="material" value="material3" />
  		<property name="description" value="description3" />
  		
  		<property name="backs">
			<list>

			</list>
		</property>	
  		<property name="furniture" ref="furniture1" />	
  	
	</bean>
	
	<bean id="piece4" class="domain.Piece">
  		<property name="code" value="000003-AAAA" />
  		<property name="price" value = "40.00"/>
  		<property name="material" value="material4" />
  		<property name="description" value="description4" />
  		
  		<property name="backs">
			<list>

			</list>
		</property>	
  		<property name="furniture" ref="furniture2" />	
  	
	</bean>
	
	<bean id="piece5" class="domain.Piece">
  		<property name="code" value="000004-AAAA" />
  		<property name="price" value = "50.00"/>
  		<property name="material" value="material5" />
  		<property name="description" value="description5" />
  		
  		<property name="backs">
			<list>

			</list>
		</property>		
  		<property name="furniture" ref="furniture2" />	
  	
	</bean>
	
	
	<bean id="piece6" class="domain.Piece">
  		<property name="code" value="000007-AAAA" />
  		<property name="price" value = "60.00"/>
  		<property name="material" value="material6" />
  		<property name="description" value="description6" />
  		
  		<property name="backs">
			<list>

			</list>
		</property>	
  		<property name="furniture" ref="furniture3" />	
  	
	</bean>
	
	<bean id="piece7" class="domain.Piece">
  		<property name="code" value="000008-AAAA" />
  		<property name="price" value = "70.00"/>
  		<property name="material" value="material7" />
  		<property name="description" value="description7" />
  		
  		<property name="backs">
			<list>

			</list>
		</property>	
 		<property name="furniture" ref="furniture3" />	
  	
	</bean>
	
	<bean id="piece8" class="domain.Piece">
  		<property name="code" value="000009-AAAA" />
  		<property name="price" value = "80.00"/>
  		<property name="material" value="material8" />
  		<property name="description" value="description8" />
  		
  		<property name="backs">
			<list>
				<ref bean="back4" />
				<ref bean="back5" />
				<ref bean="back6" />

			</list>
		</property>	
  		<property name="furniture" ref="furniture4" />	
  	
	</bean>
	
	<bean id="piece9" class="domain.Piece">
  		<property name="code" value="000010-AAAA" />
  		<property name="price" value = "90.00"/>
  		<property name="material" value="material9" />
  		<property name="description" value="description9" />
  		
  		<property name="backs">
			<list>

			</list>
		</property>		
  		<property name="furniture" ref="furniture5" />	
  	
	</bean>
	
	<bean id="piece10" class="domain.Piece">
  		<property name="code" value="000011-AAAA" />
  		<property name="price" value = "100.00"/>
  		<property name="material" value="material10" />
  		<property name="description" value="description10" />
  		
  		<property name="backs">
			<list>

			</list>
		</property>	
  		<property name="furniture" ref="furniture6" />	
  	
	</bean>
	
	
	<!-- BACKS --> 
  	
  	<bean id="back1" class="domain.Back">
  	  	<property name="description" value="Description Back1" />
  		<property name="momentOldPiece" value="05/01/2016 00:00" />
  		
  		<property name="maker" ref="maker1" />	
  		<property name="piece" ref="piece1" />	
  		
  	</bean>
  	
  	<bean id="back2" class="domain.Back">
   	  	<property name="description" value="Description Back2" />
  		<property name="momentOldPiece" value="02/02/2016 00:00" />
  		<property name="momentNewPiece" value="02/02/2017 00:00" />
  		
  		<property name="maker" ref="maker1" />	
  		<property name="piece" ref="piece1" />	
  		
  	</bean>
  	
  	<bean id="back3" class="domain.Back">
   	  	<property name="description" value="Description Back3" />
  		<property name="momentOldPiece" value="03/03/2016 00:00" />
  		<property name="momentNewPiece" value="03/03/2017 00:00" />
  		
  		<property name="maker" ref="maker2" />	
  		<property name="piece" ref="piece1" />	
  		
  	</bean>
  	
  	 <bean id="back4" class="domain.Back">
   	  	<property name="description" value="Description Back4" />
  		<property name="momentOldPiece" value="04/04/2016 00:00" />
  		<property name="momentNewPiece" value="04/04/2017 00:00" />
  		
  		<property name="maker" ref="maker3" />	
  		<property name="piece" ref="piece8" />	
  		
  	</bean>
  	
  	<bean id="back5" class="domain.Back">
   	  	<property name="description" value="Description Back5" />
  		<property name="momentOldPiece" value="05/05/2016 00:00" />
  		<property name="momentNewPiece" value="05/05/2017 00:00" />
  		
  		<property name="maker" ref="maker4" />	
  		<property name="piece" ref="piece8" />	
  		
  	</bean>
  	
  	<bean id="back6" class="domain.Back">
   	  	<property name="description" value="Description Back6" />
  		<property name="momentOldPiece" value="06/06/2015 00:00" />
  		<property name="momentNewPiece" value="06/06/2016 00:00" />
  		
  		<property name="maker" ref="maker5" />	
  		<property name="piece" ref="piece8" />	
  		
  	</bean>
	
	<!--  INCIDENCES  --> 
  	
  	<bean id="incidence1" class="domain.Incidence">
  		<property name="customerName" value="customerName1" />
  		<property name="cause" value="cause1" />
  		
  		<property name="furniture" ref="furniture1" />	
  		  		
  	</bean>
  	
  	<bean id="incidence2" class="domain.Incidence">
  		<property name="customerName" value="customerName2" />
  		<property name="cause" value="cause2" />
  		
  		<property name="furniture" ref="furniture1" />	
  		  		
  	</bean>
  	
  	<bean id="incidence3" class="domain.Incidence">
  		<property name="customerName" value="customerName2" />
  		<property name="cause" value="cause3" />
  		
  		<property name="furniture" ref="furniture2" />	
  		  		
  	</bean>
  	
  	<bean id="incidence4" class="domain.Incidence">
  		<property name="customerName" value="customerName3" />
  		<property name="cause" value="cause4" />
  		
  		<property name="furniture" ref="furniture3" />	
  		  		
  	</bean>
  	
  	<bean id="incidence5" class="domain.Incidence">
  		<property name="customerName" value="customerName4" />
  		<property name="cause" value="cause5" />
  		
  		<property name="furniture" ref="furniture4" />	
  		  		
  	</bean>
  	
  	<bean id="incidence6" class="domain.Incidence">
  		<property name="customerName" value="customerName5" />
  		<property name="cause" value="cause6" />
  		
  		<property name="furniture" ref="furniture5" />	
  		  		
  	</bean>
  	
  	
  	<!--  ACCEPTANCES  --> 
  	
  	<bean id="acceptance1" class="domain.Acceptance">
  		<property name = "accepted" value = "true"/>
  	
  		<property name="budgetLine" ref="budgetLine1" />	
		<property name="maker" ref="maker1" />	
	  		  		
  	</bean>
  	
  	<bean id="acceptance2" class="domain.Acceptance">
  		<property name = "accepted" value = "true"/>
  	
  		<property name="budgetLine" ref="budgetLine7" />	
		<property name="maker" ref="maker1" />	
	  		  		
  	</bean>
  	
  	<bean id="acceptance3" class="domain.Acceptance">
  		<property name = "accepted" value = "true"/>
  	
  		<property name="budgetLine" ref="budgetLine2" />	
		<property name="maker" ref="maker2" />	
	  		  		
  	</bean>
  	
  	<bean id="acceptance4" class="domain.Acceptance">
  		<property name = "accepted" value = "false"/>
  	
  		<property name="budgetLine" ref="budgetLine3" />	
		<property name="maker" ref="maker3" />	
	  		  		
  	</bean>
	
	<bean id="acceptance5" class="domain.Acceptance">
  		<property name = "accepted" value = "true"/>
  	
  		<property name="budgetLine" ref="budgetLine4" />	
		<property name="maker" ref="maker4" />	
	  		  		
  	</bean>
  	
  	<bean id="acceptance6" class="domain.Acceptance">
  		<property name = "accepted" value = "false"/>
  	
  		<property name="budgetLine" ref="budgetLine5" />	
		<property name="maker" ref="maker5" />	
	  		  		
  	</bean>
  	
  	<bean id="acceptance7" class="domain.Acceptance">
  		<property name = "accepted" value = "true"/>
  	
  		<property name="budgetLine" ref="budgetLine6" />	
		<property name="maker" ref="maker6" />	
	  		  		
  	</bean>
  	
  	
  	
  	
  	<!--  CRITIQUES  --> 
  	
  	<bean id="critique1" class="domain.Critique">
  		<property name="title" value="title1" />
  		<property name="moment" value="01/01/2017 00:00" />
  		<property name="text" value="text1" />
  		<property name="type" value="POSITIVE" />
  		<property name="fair" value="0" />
  		<property name="unfair" value="0" />
  		<property name = "banned" value = "false"/>
  	
  		<property name="critic" ref="critic1" />	
  		<property name="critics">
			<list>
		
			</list>
		</property>
		
		<property name="furniture" ref="furniture1" />	
  		  		  		
  	</bean>
  	
  	 <bean id="critique2" class="domain.Critique">
  		<property name="title" value="title2" />
  		<property name="moment" value="12/12/2016 00:00" />
  		<property name="text" value="text2" />
  		<property name="type" value="NEUTRAL" />
  		<property name="fair" value="0" />
  		<property name="unfair" value="0" />
  		<property name = "banned" value = "false"/>
  	
  		<property name="critic" ref="critic1" />	
  		<property name="critics">
			<list>
		
			</list>
		</property>
		
		<property name="furniture" ref="furniture2" />	
  		  		  		
  	</bean>
  	
  	 <bean id="critique3" class="domain.Critique">
  		<property name="title" value="title3" />
  		<property name="moment" value="03/03/2016 00:00" />
  		<property name="text" value="text3" />
  		<property name="type" value="NEGATIVE" />
  		<property name="fair" value="0" />
  		<property name="unfair" value="0" />
  		<property name = "banned" value = "true"/>
  	
  		<property name="critic" ref="critic1" />	
  		<property name="critics">
			<list>
		
			</list>
		</property>
		
		<property name="furniture" ref="furniture3" />	
  		  		  		
  	</bean>
  	
  	<bean id="critique4" class="domain.Critique">
  		<property name="title" value="title4" />
  		<property name="moment" value="04/04/2016 00:00" />
  		<property name="text" value="text4" />
  		<property name="type" value="POSITIVE" />
  		<property name="fair" value="0" />
  		<property name="unfair" value="0" />
  		<property name = "banned" value = "true"/>
  	
  		<property name="critic" ref="critic2" />	
  		<property name="critics">
			<list>
		
			</list>
		</property>
		
		<property name="furniture" ref="furniture1" />	
  		  		  		
  	</bean>
  	
  	<bean id="critique5" class="domain.Critique">
  		<property name="title" value="title5" />
  		<property name="moment" value="05/05/2016 00:00" />
  		<property name="text" value="text5" />
  		<property name="type" value="NEUTRAL" />
  		<property name="fair" value="0" />
  		<property name="unfair" value="0" />
  		<property name = "banned" value = "false"/>
  	
  		<property name="critic" ref="critic2" />	
  		<property name="critics">
			<list>
		
			</list>
		</property>
		
		<property name="furniture" ref="furniture2" />	
  		  		  		
  	</bean>
  	
  	<bean id="critique6" class="domain.Critique">
  		<property name="title" value="title6" />
  		<property name="moment" value="06/06/2016 00:00" />
  		<property name="text" value="text6" />
  		<property name="type" value="NEGATIVE" />
  		<property name="fair" value="0" />
  		<property name="unfair" value="0" />
  		<property name = "banned" value = "false"/>
  	
  		<property name="critic" ref="critic3" />	
  		<property name="critics">
			<list>
		
			</list>
		</property>
		
		<property name="furniture" ref="furniture1" />	
  		  		  		
  	</bean>
  	
  	<bean id="critique7" class="domain.Critique">
  		<property name="title" value="title7" />
  		<property name="moment" value="07/07/2016 00:00" />
  		<property name="text" value="text7" />
  		<property name="type" value="POSITIVE" />
  		<property name="fair" value="0" />
  		<property name="unfair" value="0" />
  		<property name = "banned" value = "false"/>
  	
  		<property name="critic" ref="critic4" />	
  		<property name="critics">
			<list>
		
			</list>
		</property>
		
		<property name="furniture" ref="furniture4" />	
  		  		  		
  	</bean>
  	
  	<bean id="critique8" class="domain.Critique">
  		<property name="title" value="title8" />
  		<property name="moment" value="08/08/2016 00:00" />
  		<property name="text" value="text8" />
  		<property name="type" value="NEUTRAL" />
  		<property name="fair" value="0" />
  		<property name="unfair" value="0" />
  		<property name = "banned" value = "false"/>
  	
  		<property name="critic" ref="critic5" />	
  		<property name="critics">
			<list>
		
			</list>
		</property>
		
		<property name="furniture" ref="furniture5" />	
  		  		  		
  	</bean>

  	
	<!-- REVIEWS -->	
	
	<bean id="review1" class="domain.Review">
  		<property name="moment" value="08/08/2016 00:00" />
  		<property name="confidence" value="normal" />
  		<property name="comment" value="comment1" />
  		<property name="assembler" ref="assembler1" />
		<property name="maker" ref="maker1" />	  		
  	</bean>
  	
  	<bean id="review2" class="domain.Review">
  		<property name="moment" value="01/01/2016 00:00" />
  		<property name="confidence" value="high" />
  		<property name="comment" value="comment2" />
  		<property name="assembler" ref="assembler1" />
		<property name="maker" ref="maker1" />	  		
  	</bean>
  	
  	<bean id="review3" class="domain.Review">
  		<property name="moment" value="11/11/2016 00:00" />
  		<property name="confidence" value="low" />
  		<property name="comment" value="comment3" />
  		<property name="assembler" ref="assembler1" />
		<property name="maker" ref="maker2" />	  		
  	</bean>
  	
  	<bean id="review4" class="domain.Review">
  		<property name="moment" value="11/11/2016 00:00" />
  		<property name="confidence" value="veryHigh" />
  		<property name="comment" value="comment4" />
  		<property name="assembler" ref="assembler2" />
		<property name="maker" ref="maker3" />	  		
  	</bean>
	
</beans>