<?xml version="1.0" encoding="UTF-8"?>

<!-- 
 * PopulateDatabase.xml
 *
 * Copyright (C) 2017 Universidad de Sevilla
 * 
 * The use of this project is hereby constrained to the conditions of the 
 * TDG Licence, a copy of which you may download from 
 * http://www.tdg-seville.info/License.html
 -->

<beans xmlns="http://www.springframework.org/schema/beans"
	xmlns:xsi="http://www.w3.org/2001/XMLSchema-instance"
	xsi:schemaLocation="
		http://www.springframework.org/schema/beans http://www.springframework.org/schema/beans/spring-beans.xsd
	">
	
	<!-- User accounts -->

	<bean id="userAccount1" class="security.UserAccount">
		<property name="username" value="admin" />
		<property name="password" value="21232f297a57a5a743894a0e4a801fc3" />
		<property name="authorities">
			<list>
				<bean class="security.Authority">
					<property name="authority" value="ADMIN" />
				</bean>
			</list>
		</property>
	</bean>
	
	<bean id="userAccount2" class="security.UserAccount">
		<property name="username" value="customer1" />
		<property name="password" value="ffbc4675f864e0e9aab8bdf7a0437010" />
		<property name="authorities">
			<list>
				<bean class="security.Authority">
					<property name="authority" value="CUSTOMER" />
				</bean>
			</list>
		</property>
	</bean>	
	
	<bean id="userAccount3" class="security.UserAccount">
		<property name="username" value="customer2" />
		<property name="password" value="5ce4d191fd14ac85a1469fb8c29b7a7b" />
		<property name="authorities">
			<list>
				<bean class="security.Authority">
					<property name="authority" value="CUSTOMER" />
				</bean>
			</list>
		</property>
	</bean>
	
	<bean id="userAccount4" class="security.UserAccount">
		<property name="username" value="customer3" />
		<property name="password" value="033f7f6121501ae98285ad77f216d5e7" />
		<property name="authorities">
			<list>
				<bean class="security.Authority">
					<property name="authority" value="CUSTOMER" />
				</bean>
			</list>
		</property>
	</bean>
	
	<!-- Bulletins -->
	
	<bean id="bulletin1" class="domain.Bulletin">
		<property name="title" value="Title 1" />
		<property name="author" value="Author 1" />
		<property name="moment" value="12/31/2012 12:12" />
		<property name="text" value="Text 1" />
	</bean>				
	
	<bean id="bulletin2" class="domain.Bulletin">
		<property name="title" value="Title 2" />
		<property name="author" value="Author 2" />
		<property name="moment" value="12/31/2012 12:12" />
		<property name="text" value="Text 2" />
	</bean>
	
	<bean id="bulletin3" class="domain.Bulletin">
		<property name="title" value="Title 3" />
		<property name="author" value="Author 3" />
		<property name="moment" value="12/31/2012 12:12" />
		<property name="text" value="Text 3" />
	</bean>
	
	<bean id="bulletin4" class="domain.Bulletin">
		<property name="title" value="Title 4" />
		<property name="author" value="Author 4" />
		<property name="moment" value="12/31/2012 12:12" />
		<property name="text" value="Text 4" />
	</bean>				
	
	<bean id="bulletin5" class="domain.Bulletin">
		<property name="title" value="Title 5" />
		<property name="author" value="Author 5" />
		<property name="moment" value="12/31/2012 12:12" />
		<property name="text" value="Text 5" />
	</bean>
	
	<bean id="bulletin6" class="domain.Bulletin">
		<property name="title" value="Title 6" />
		<property name="author" value="Author 6" />
		<property name="moment" value="12/31/2012 12:12" />
		<property name="text" value="Text 6" />
	</bean>		
	
</beans>