<?xml version="1.0" encoding="UTF-8"?>

<!-- 
 * packages.xml
 *
 * Copyright (C) 2018 Universidad de Sevilla
 * 
 * The use of this project is hereby constrained to the conditions of the 
 * TDG Licence, a copy of which you may download from 
 * http://www.tdg-seville.info/License.html
 -->

<beans xmlns="http://www.springframework.org/schema/beans"
	xmlns:xsi="http://www.w3.org/2001/XMLSchema-instance" xmlns:context="http://www.springframework.org/schema/context"
	xsi:schemaLocation="
		http://www.springframework.org/schema/beans http://www.springframework.org/schema/beans/spring-beans-4.0.xsd
		http://www.springframework.org/schema/context http://www.springframework.org/schema/context/spring-context-4.0.xsd
	">

	<context:component-scan base-package="controllers" />
	<context:component-scan base-package="converters" />
	<context:component-scan base-package="domain" />
	<context:component-scan base-package="forms" />
	<context:component-scan base-package="editors" />
	<context:component-scan base-package="repositories" />
	<context:component-scan base-package="security" />
	<context:component-scan base-package="services" />

</beans>