<?xml version="1.0" encoding="UTF-8"?>

<!-- 
 * PopulateDatabase.xml
 *
 * Copyright (C) 2017 Universidad de Sevilla
 * 
 * The use of this project is hereby constrained to the conditions of the 
 * TDG Licence, a copy of which you may download from 
 * http://www.tdg-seville.info/License.html
 -->

<beans xmlns="http://www.springframework.org/schema/beans"
	xmlns:xsi="http://www.w3.org/2001/XMLSchema-instance"
	xsi:schemaLocation="
		http://www.springframework.org/schema/beans http://www.springframework.org/schema/beans/spring-beans.xsd
	">
	
	<!-- User accounts -->

	<bean id="userAccount1" class="security.UserAccount">
		<property name="username" value="admin" />
		<property name="password" value="21232f297a57a5a743894a0e4a801fc3" />
		<property name="authorities">
			<list>
				<bean class="security.Authority">
					<property name="authority" value="ADMIN" />
				</bean>
			</list>
		</property>
	</bean>

	<bean id="userAccount2" class="security.UserAccount">
		<property name="username" value="customer" />
		<property name="password" value="91ec1f9324753048c0096d036a694f86" />
		<property name="authorities">
			<list>
				<bean class="security.Authority">
					<property name="authority" value="CUSTOMER" />
				</bean>
			</list>
		</property>
	</bean>

	<bean id="userAccount3" class="security.UserAccount">
		<property name="username" value="super" />
		<property name="password" value="1b3231655cebb7a1f783eddf27d254ca" />
		<property name="authorities">
			<list>
				<bean class="security.Authority">
					<property name="authority" value="ADMIN" />
				</bean>
				<bean class="security.Authority">
					<property name="authority" value="CUSTOMER" />
				</bean>
			</list>
		</property>
	</bean>
	
	<!-- People -->
	
	<bean id="person1" class="domain.Person">
		<property name="name" value="Person 1" />
		<property name="birthDate" value="1970/09/07" />
		<property name="roles">
			<list>
				<ref bean="customer1" />
				<ref bean="vendor1" />
			</list>
		</property>
	</bean>
	
	<bean id="person2" class="domain.Person">
		<property name="name" value="Person 2" />
		<property name="birthDate" value="1980/12/31" />
		<property name="roles">
			<list>
				<ref bean="customer2" />
				<ref bean="vendor2" />
			</list>
		</property>
	</bean>
	
	<!-- Customer -->
	
	<bean id="customer1" class="domain.Customer">
		<property name="numberOfOrdersPaid" value="10" />
	</bean>
	
	<bean id="customer2" class="domain.Customer">
		<property name="numberOfOrdersPaid" value="20" />
	</bean>
	
	<!-- Vendor -->	
	
	<bean id="vendor1" class="domain.Vendor">
		<property name="discount" value="12.50" />
	</bean>
	
	<bean id="vendor2" class="domain.Vendor">
		<property name="discount" value="30.00" />
	</bean>
	
</beans>