<?xml version="1.0" encoding="UTF-8"?>

<!-- 
 * converters.xml
 *
 * Copyright (C) 2017 Universidad de Sevilla
 * 
 * The use of this project is hereby constrained to the conditions of the 
 * TDG Licence, a copy of which you may download from 
 * http://www.tdg-seville.info/License.html
 -->

<beans xmlns="http://www.springframework.org/schema/beans"
	xmlns:xsi="http://www.w3.org/2001/XMLSchema-instance" xmlns:util="http://www.springframework.org/schema/util"
	xsi:schemaLocation="
		http://www.springframework.org/schema/beans http://www.springframework.org/schema/beans/spring-beans-4.0.xsd		
		http://www.springframework.org/schema/util http://www.springframework.org/schema/util/spring-util-4.0.xsd		
	">

	<util:list id="converters">
		<!-- 
			Add your own converters using entries of the following form: 
			<bean class="converters.Class1ToClass2" /> 
		-->
		<bean class="converters.AcceptanceToStringConverter" />
		<bean class="converters.ActorToStringConverter" />
		<bean class="converters.AdminToStringConverter" />
		<bean class="converters.AssemblerToStringConverter" />
		<bean class="converters.AssemblyToStringConverter" />
		<bean class="converters.BudgetToStringConverter" />
		<bean class="converters.BudgetLineToStringConverter" />
		<bean class="converters.BannerToStringConverter" />
		<bean class="converters.CriticCardToStringConverter" />
		<bean class="converters.CriticToStringConverter" />
		<bean class="converters.CritiqueToStringConverter" />
		<bean class="converters.CustomerToStringConverter" />
		<bean class="converters.FolderToStringConverter" />
		<bean class="converters.FurnitureToStringConverter" />
		<bean class="converters.IncidenceToStringConverter" />
		<bean class="converters.MakerToStringConverter" />
		<bean class="converters.MessageToStringConverter" />
		<bean class="converters.PieceToStringConverter" />
		<bean class="converters.RatingToStringConverter" />
		<bean class="converters.ReviewToStringConverter" />
		<bean class="converters.BackToStringConverter" />
		<bean class="converters.SpamTermToStringConverter" />

		<bean class="converters.StringToAcceptanceConverter" />	
		<bean class="converters.StringToActorConverter" />	
		<bean class="converters.StringToAdminConverter" />		
		<bean class="converters.StringToAssemblyConverter" />	
		<bean class="converters.StringToAssemblerConverter" />		
		<bean class="converters.StringToBannerConverter" />	
		<bean class="converters.StringToBudgetConverter" />	
		<bean class="converters.StringToBudgetLineConverter" />	
		<bean class="converters.StringToCriticCardConverter" />
		<bean class="converters.StringToCriticConverter" />
		<bean class="converters.StringToCritiqueConverter" />
		<bean class="converters.StringToCustomerConverter" />
		<bean class="converters.StringToFolderConverter" />
		<bean class="converters.StringToFurnitureConverter" />
		<bean class="converters.StringToIncidenceConverter" />
		<bean class="converters.StringToMakerConverter" />
		<bean class="converters.StringToMessageConverter" />
		<bean class="converters.StringToPieceConverter" />
		<bean class="converters.StringToRatingConverter" />
		<bean class="converters.StringToReviewConverter" />
		<bean class="converters.StringToBackConverter" />
		<bean class="converters.StringToSpamTermConverter" />

	</util:list>
	
</beans>