<?xml version="1.0" encoding="UTF-8"?>

<!-- 
 * i18n-l10n.xml
 *
 * Copyright (C) 2017 Universidad de Sevilla
 * 
 * The use of this project is hereby constrained to the conditions of the 
 * TDG Licence, a copy of which you may download from 
 * http://www.tdg-seville.info/License.html
 -->

<beans xmlns="http://www.springframework.org/schema/beans"
	xmlns:xsi="http://www.w3.org/2001/XMLSchema-instance" xmlns:util="http://www.springframework.org/schema/util"
	xsi:schemaLocation="
		http://www.springframework.org/schema/beans http://www.springframework.org/schema/beans/spring-beans-4.0.xsd
		http://www.springframework.org/schema/util http://www.springframework.org/schema/util/spring-util-4.0.xsd 
	">

	<util:list id="messages">
		<value>/views/master-page/messages</value>
		<value>/views/misc/messages</value>
		<value>/views/security/messages</value>		
		<value>/views/welcome/messages</value>
		<value>/views/terms/messages</value>
		<value>/views/register/messages</value>
		<value>/views/dashboard/messages</value>

		<value>/views/folder/messages</value>
		<value>/views/mailbox/messages</value>
		<value>/views/message/messages</value>
		
		<value>/views/critique/messages</value>
		<value>/views/furniture/messages</value>
		<value>/views/piece/messages</value>
		<value>/views/banner/messages</value>
		<value>/views/maker/messages</value>
	
		<value>/views/budget/messages</value>	
		<value>/views/budgetLines/messages</value>	
		<value>/views/rating/messages</value>
		<value>/views/assembly/messages</value>
		
		<value>/views/spamTerm/messages</value>
		<value>/views/incidence/messages</value>
		<value>/views/review/messages</value>
		<value>/views/criticCard/messages</value>
		<value>/views/back/messages</value>

		

		</util:list>

</beans>