<?xml version="1.0" encoding="UTF-8"?>

<!-- 
 * security.xml
 *
 * Copyright (C) 2017 Universidad de Sevilla
 * 
 * The use of this project is hereby constrained to the conditions of the 
 * TDG Licence, a copy of which you may download from 
 * http://www.tdg-seville.info/License.html
 -->

<beans xmlns="http://www.springframework.org/schema/beans"
	xmlns:xsi="http://www.w3.org/2001/XMLSchema-instance" xmlns:security="http://www.springframework.org/schema/security"	
	xsi:schemaLocation="
		http://www.springframework.org/schema/beans http://www.springframework.org/schema/beans/spring-beans-4.0.xsd		
        http://www.springframework.org/schema/security http://www.springframework.org/schema/security/spring-security-3.2.xsd
    ">

	<!-- Security infrastructure -->

	<bean id="loginService" class="security.LoginService" />

	<bean id="passwordEncoder"
		class="org.springframework.security.authentication.encoding.Md5PasswordEncoder" />

	<!-- Access control -->

	<security:http auto-config="true" use-expressions="true">
		<security:intercept-url pattern="/" access="permitAll" /> 
		<security:intercept-url pattern="/favicon.ico" access="permitAll" /> 
		<security:intercept-url pattern="/images/**" access="permitAll" /> 
		<security:intercept-url pattern="/js/**" access="permitAll" /> 
		<security:intercept-url pattern="/fonts/**" access="permitAll" /> 
		<security:intercept-url pattern="/css/**" access="permitAll" /> 

		<security:intercept-url pattern="/views/misc/index.jsp" access="permitAll" /> 

		<security:intercept-url pattern="/security/login.do" access="permitAll" /> 
		<security:intercept-url pattern="/security/loginFailure.do" access="permitAll" /> 

		<security:intercept-url pattern="/welcome/index.do" access="permitAll" /> 
		
		<security:intercept-url pattern="/terms/show.do" access="permitAll" />
		
		<security:intercept-url pattern="/mailbox/actor/list.do" access="isAuthenticated()" />
		<security:intercept-url pattern="/mailbox/actor/list2.do" access="isAuthenticated()" />
		<security:intercept-url pattern="/message/actor/create.do" access="isAuthenticated()" />
		<security:intercept-url pattern="/message/actor/edit.do" access="isAuthenticated()" />
		<security:intercept-url pattern="/message/actor/moveTo.do" access="isAuthenticated()" />
		<security:intercept-url pattern="/message/actor/showMessage.do" access="isAuthenticated()" />
		<security:intercept-url pattern="/folder/actor/moveTo.do" access="isAuthenticated()" />
		<security:intercept-url pattern="/folder/actor/list.do" access="isAuthenticated()" />
		<security:intercept-url pattern="/folder/actor/edit.do" access="isAuthenticated()" />
		<security:intercept-url pattern="/folder/actor/create.do" access="isAuthenticated()" />



		<security:intercept-url pattern="/customer/register.do" access="isAnonymous()" />
		<security:intercept-url pattern="/assembler/register.do" access="isAnonymous()" />
		<security:intercept-url pattern="/critic/administrator/register.do" access="hasRole('ADMIN')" />
		

		<security:intercept-url pattern="/dashboard/administrator/list.do" access="hasRole('ADMIN')" /> 
		<security:intercept-url pattern="/critique/administrator/list.do" access="hasRole('ADMIN')" /> 
		<security:intercept-url pattern="/critique/administrator/ban.do" access="hasRole('ADMIN')" /> 
		<security:intercept-url pattern="/critique/administrator/unban.do" access="hasRole('ADMIN')" />
		<security:intercept-url pattern="/furniture/administrator/create.do" access="hasRole('ADMIN')" />
		<security:intercept-url pattern="/furniture/administrator/edit.do" access="hasRole('ADMIN')" />
		
		<security:intercept-url pattern="/piece/administrator/list.do" access="hasRole('ADMIN')" />
		<security:intercept-url pattern="/back/administrator/create.do" access="hasRole('ADMIN')" />
		<security:intercept-url pattern="/back/administrator/list.do" access="hasRole('ADMIN')" />
		<security:intercept-url pattern="/back/administrator/edit.do" access="hasRole('ADMIN')" />

		
		<security:intercept-url pattern="/spamTerm/administrator/showSpamTerm.do" access="hasRole('ADMIN')" /> 
		<security:intercept-url pattern="/spamTerm/administrator/edit.do" access="hasRole('ADMIN')" /> 
		
		<security:intercept-url pattern="/incidence/administrator/listAll.do" access="hasRole('ADMIN')" /> 
		
		
		<security:intercept-url pattern="/budgetLine/administrator/list.do" access="hasRole('ADMIN')" /> 
		<security:intercept-url pattern="/budgetLine/administrator/accept.do" access="hasRole('ADMIN')" /> 
		<security:intercept-url pattern="/budgetLine/administrator/denny.do" access="hasRole('ADMIN')" /> 
		
		
		
		<security:intercept-url pattern="/furniture/list.do" access="permitAll" />  
		<security:intercept-url pattern="/piece/listByFurniture.do" access="permitAll" />  		
		<security:intercept-url pattern="/piece/administrator/addPiece.do" access="hasRole('ADMIN')" /> 
		<security:intercept-url pattern="/piece/administrator/edit.do" access="hasRole('ADMIN')" /> 
		
		<security:intercept-url pattern="/critique/critic/myList.do" access="hasRole('CRITIC')" />
		<security:intercept-url pattern="/critique/critic/list.do" access="hasRole('CRITIC')" /> 
		<security:intercept-url pattern="/critique/critic/create.do" access="hasRole('CRITIC')" /> 
		<security:intercept-url pattern="/critique/critic/edit.do" access="hasRole('CRITIC')" /> 
		<security:intercept-url pattern="/critique/critic/delete.do" access="hasRole('CRITIC')" /> 
		<security:intercept-url pattern="/critique/critic/fair.do" access="hasRole('CRITIC')" /> 
		<security:intercept-url pattern="/critique/critic/unfair.do" access="hasRole('CRITIC')" /> 
		
		<security:intercept-url pattern="/criticCard/critic/show.do" access="hasRole('CRITIC')" />
		<security:intercept-url pattern="/criticCard/critic/create.do" access="hasRole('CRITIC')" />
		<security:intercept-url pattern="/criticCard/critic/edit.do" access="hasRole('CRITIC')" />
		
		
		
		
		
		<security:intercept-url pattern="/incidence/customer/create.do" access="hasRole('CUSTOMER')" />
		<security:intercept-url pattern="/rating/customer/myList.do" access="hasRole('CUSTOMER')" />
		<security:intercept-url pattern="/rating/customer/create.do" access="hasRole('CUSTOMER')" />
		<security:intercept-url pattern="/rating/customer/listByFurniture.do" access="hasRole('CUSTOMER')" />
		
		
		
		<security:intercept-url pattern="/maker/administrator/listAll.do" access="hasRole('ADMIN')" />
		<security:intercept-url pattern="/maker/administrator/create.do" access="hasRole('ADMIN')" /> 
		<security:intercept-url pattern="/maker/administrator/edit.do" access="hasRole('ADMIN')" /> 
		<security:intercept-url pattern="/maker/administrator/delete.do" access="hasRole('ADMIN')" /> 
		
		
		<security:intercept-url pattern="/banner/administrator/list.do" access="hasRole('ADMIN')" /> 
		<security:intercept-url pattern="/banner/administrator/edit.do" access="hasRole('ADMIN')" /> 
		
		<security:intercept-url pattern="/review/administrator/listByMaker.do" access="hasRole('ADMIN')" />
		<security:intercept-url pattern="/rating/administrator/listByFurniture.do" access="hasRole('ADMIN')" />
		
		<security:intercept-url pattern="/furniture/assembler/listAssembledByMe.do" access="hasRole('ASSEMBLER')" />
		<security:intercept-url pattern="/furniture/assembler/listNotAssembled.do" access="hasRole('ASSEMBLER')" />
		<security:intercept-url pattern="/furniture/assembler/assemble.do" access="hasRole('ASSEMBLER')" />
		<security:intercept-url pattern="/review/assembler/myList.do" access="hasRole('ASSEMBLER')" />
		<security:intercept-url pattern="/review/assembler/create.do" access="hasRole('ASSEMBLER')" />
		<security:intercept-url pattern="/maker/assembler/list.do" access="hasRole('ASSEMBLER')" />
		<security:intercept-url pattern="/review/assembler/listByMaker.do" access="hasRole('ASSEMBLER')" />
		<security:intercept-url pattern="/maker/assembler/listToDoReview.do" access="hasRole('ASSEMBLER')" />
		
		<security:intercept-url pattern="/critique/customer/list.do" access="hasRole('CUSTOMER')" /> 
		<security:intercept-url pattern="/budget/customer/add.do" access="hasRole('CUSTOMER')" /> 
		<security:intercept-url pattern="/budget/customer/list.do" access="hasRole('CUSTOMER')" />
		<security:intercept-url pattern="/budgetLine/customer/list.do" access="hasRole('CUSTOMER')" />
		<security:intercept-url pattern="/budgetLine/customer/comment.do" access="hasRole('CUSTOMER')" />
		<security:intercept-url pattern="/furniture/customer/list.do" access="hasRole('CUSTOMER')" />		 
		<security:intercept-url pattern="/maker/customer/list.do" access="hasRole('CUSTOMER')" /> 
		
		
	
		<security:intercept-url pattern="/**" access="hasRole('NONE')" />

		<security:form-login 
			login-page="/security/login.do"
			password-parameter="password" 
			username-parameter="username"
			authentication-failure-url="/security/loginFailure.do" />

		<security:logout 
			logout-success-url="/" 
			invalidate-session="true" />
	</security:http>

</beans>