<?xml version="1.0" encoding="UTF-8"?>

<!-- 
  * tiles.xml 
  * 
  * Copyright (C) 2017 Universidad de Sevilla 
  * 
  * The use of this project is hereby constrained to the conditions of the 
  * TDG Licence, a copy of which you may download from 
  * http://www.tdg-seville.info/License.html 
-->

<beans xmlns="http://www.springframework.org/schema/beans"
	xmlns:util="http://www.springframework.org/schema/util" xmlns:xsi="http://www.w3.org/2001/XMLSchema-instance"
	xsi:schemaLocation="
		http://www.springframework.org/schema/beans http://www.springframework.org/schema/beans/spring-beans-4.0.xsd
		http://www.springframework.org/schema/util http://www.springframework.org/schema/util/spring-util-4.0.xsd
	">

	<util:list id="tiles">
		<value>/views/master-page/tiles.xml</value>		
		<value>/views/misc/tiles.xml</value>		
		<value>/views/security/tiles.xml</value>
		<value>/views/welcome/tiles.xml</value>
		
		<value>/views/terms/tiles.xml</value>
		<value>/views/register/tiles.xml</value>
		<value>/views/dashboard/tiles.xml</value>

		<value>/views/folder/tiles.xml</value>
		<value>/views/mailbox/tiles.xml</value>
		<value>/views/message/tiles.xml</value>
		
		<value>/views/critique/tiles.xml</value>
		
		<value>/views/furniture/tiles.xml</value>

		<value>/views/piece/tiles.xml</value>
		<value>/views/banner/tiles.xml</value>
		
		<value>/views/budget/tiles.xml</value>
		<value>/views/budgetLines/tiles.xml</value>
		<value>/views/maker/tiles.xml</value>
		<value>/views/rating/tiles.xml</value>
		<value>/views/assembly/tiles.xml</value>
		<value>/views/spamTerm/tiles.xml</value>
		
		<value>/views/incidence/tiles.xml</value>
		<value>/views/review/tiles.xml</value>
		<value>/views/back/tiles.xml</value>

		
		<value>/views/criticCard/tiles.xml</value>

	</util:list>

</beans>