<?xml version="1.0" encoding="UTF-8"?>

<!-- 
 * PopulateDatabase.xml
 *
 * Copyright (C) 2018 Universidad de Sevilla
 * 
 * The use of this project is hereby constrained to the conditions of the 
 * TDG Licence, a copy of which you may download from 
 * http://www.tdg-seville.info/License.html
 -->

<beans xmlns="http://www.springframework.org/schema/beans"
	xmlns:xsi="http://www.w3.org/2001/XMLSchema-instance"
	xsi:schemaLocation="
		http://www.springframework.org/schema/beans http://www.springframework.org/schema/beans/spring-beans.xsd
	">
	
	<!-- User accounts -->

	<bean id="userAccount1" class="security.UserAccount">
		<property name="username" value="admin" />
		<property name="password" value="21232f297a57a5a743894a0e4a801fc3" />
		<property name="authorities">
			<list>
				<bean class="security.Authority">
					<property name="authority" value="ADMIN" />
				</bean>
			</list>
		</property>
	</bean>

	<bean id="userAccount2" class="security.UserAccount">
		<property name="username" value="user1" />
		<property name="password" value="24c9e15e52afc47c225b757e7bee1f9d" />
		<property name="authorities">
			<list>
				<bean class="security.Authority">
					<property name="authority" value="USER" />
				</bean>
			</list>
		</property>
	</bean>

	<bean id="userAccount3" class="security.UserAccount">
		<property name="username" value="user2" />
		<property name="password" value="7e58d63b60197ceb55a1c487989a3720" />
		<property name="authorities">
			<list>
				<bean class="security.Authority">
					<property name="authority" value="USER" />
				</bean>
			</list>
		</property>
	</bean>
	
	<!-- Actors -->	
	
	<bean id="admin" class="domain.Administrator">
		<property name="name" value="Administrator" />
		<property name="email" value="admin1@we-chirp.com" />	
		<property name="userAccount" ref="userAccount1" />	
	</bean>
		
	<bean id="user1" class="domain.User">
		<property name="name" value="User 1" />
		<property name="email" value="user1@mail.com" />
		<property name="chirps">
			<list>
				<ref bean="chirp1" />
				<ref bean="chirp2" />
			</list>
		</property>
		<property name="userAccount" ref="userAccount2" />
	</bean>
	
	<bean id="user2" class="domain.User">
		<property name="name" value="User 2" />
		<property name="email" value="user2@mail.com" />
		<property name="chirps">
			<list>
				<ref bean="chirp3" />
				<ref bean="chirp4" />
			</list>
		</property>
		<property name="userAccount" ref="userAccount3" />
	</bean>
	
	<!-- Chirps -->
	
	<bean id="chirp1" class="domain.Chirp">
		<property name="moment" value="2017/12/23 10:00" />
		<property name="text" value="I wish y'all Merry Xmas!" />	
		<property name="user" ref="user1" />	
	</bean>
	
	<bean id="chirp2" class="domain.Chirp">
		<property name="moment" value="2017/01/01 13:00" />
		<property name="text" value="Happy new year!" />
		<property name="user" ref="user1" />		
	</bean>
	
	<bean id="chirp3" class="domain.Chirp">
		<property name="moment" value="2017/12/21 08:30" />
		<property name="text" value="I've got a great idea!  I'm gonna launch a micro-blogging site!" />
		<property name="user" ref="user2" />		
	</bean>
	
	<bean id="chirp4" class="domain.Chirp">
		<property name="moment" value="2017/12/22 09:30" />
		<property name="text" value="Not that a good idea... some guys launched we-chirp.com :()" />
		<property name="user" ref="user2" />
	</bean>
		
</beans>